Company,TypeName,Inches,ScreenResolution,Cpu,Ram,Ram_GB,Memory,Gpu,OpSys,Weight_kg,CPU_GHz,ScreenWidth_px,ScreenHeight_px,Touchscreen,IPS,CPU_Brand,GPU_Brand,Price
Apple,Ultrabook,13.3,IPS Panel Retina Display 2560x1600,Intel Core i5 2.3GHz,8GB,8.0,128GB SSD,Intel Iris Plus Graphics 640,macOS,1.37,2.3,2560,1600,0,1,Intel,Intel,71378.6832
Apple,Ultrabook,13.3,1440x900,Intel Core i5 1.8GHz,8GB,8.0,128GB Flash Storage,Intel HD Graphics 6000,macOS,1.34,1.8,1440,900,0,0,Intel,Intel,47895.5232
HP,Notebook,15.6,Full HD 1920x1080,Intel Core i5 7200U 2.5GHz,8GB,8.0,256GB SSD,Intel HD Graphics 620,No OS,1.86,2.5,1920,1080,0,0,Intel,Intel,30636.0
Apple,Ultrabook,15.4,IPS Panel Retina Display 2880x1800,Intel Core i7 2.7GHz,16GB,16.0,512GB SSD,AMD Radeon Pro 455,macOS,1.83,2.7,2880,1800,0,1,Intel,AMD,135195.336
Apple,Ultrabook,13.3,IPS Panel Retina Display 2560x1600,Intel Core i5 3.1GHz,8GB,8.0,256GB SSD,Intel Iris Plus Graphics 650,macOS,1.37,3.1,2560,1600,0,1,Intel,Intel,96095.808
Acer,Notebook,15.6,1366x768,AMD A9-Series 9420 3GHz,4GB,4.0,500GB HDD,AMD Radeon R5,Windows 10,2.1,3.0,1366,768,0,0,AMD,AMD,21312.0
Apple,Ultrabook,15.4,IPS Panel Retina Display 2880x1800,Intel Core i7 2.2GHz,16GB,16.0,256GB Flash Storage,Intel Iris Pro Graphics,Mac OS X,2.04,2.2,2880,1800,0,1,Intel,Intel,114017.6016
Apple,Ultrabook,13.3,1440x900,Intel Core i5 1.8GHz,8GB,8.0,256GB Flash Storage,Intel HD Graphics 6000,macOS,1.34,1.8,1440,900,0,0,Intel,Intel,61735.536
Asus,Ultrabook,14.0,Full HD 1920x1080,Intel Core i7 8550U 1.8GHz,16GB,16.0,512GB SSD,Nvidia GeForce MX150,Windows 10,1.3,1.8,1920,1080,0,0,Intel,Nvidia,79653.6
Acer,Ultrabook,14.0,IPS Panel Full HD 1920x1080,Intel Core i5 8250U 1.6GHz,8GB,8.0,256GB SSD,Intel UHD Graphics 620,Windows 10,1.6,1.6,1920,1080,0,1,Intel,Intel,41025.6
HP,Notebook,15.6,1366x768,Intel Core i5 7200U 2.5GHz,4GB,4.0,500GB HDD,Intel HD Graphics 620,No OS,1.86,2.5,1366,768,0,0,Intel,Intel,20986.992
HP,Notebook,15.6,Full HD 1920x1080,Intel Core i3 6006U 2GHz,4GB,4.0,500GB HDD,Intel HD Graphics 520,No OS,1.86,2.0,1920,1080,0,0,Intel,Intel,18381.0672
Apple,Ultrabook,15.4,IPS Panel Retina Display 2880x1800,Intel Core i7 2.8GHz,16GB,16.0,256GB SSD,AMD Radeon Pro 555,macOS,1.83,2.8,2880,1800,0,1,Intel,AMD,130001.6016
Dell,Notebook,15.6,Full HD 1920x1080,Intel Core i3 6006U 2GHz,4GB,4.0,256GB SSD,AMD Radeon R5 M430,Windows 10,2.2,2.0,1920,1080,0,0,Intel,AMD,26581.392
Apple,Ultrabook,12.0,IPS Panel Retina Display 2304x1440,Intel Core M m3 1.2GHz,8GB,8.0,256GB SSD,Intel HD Graphics 615,macOS,0.92,1.2,2304,1440,0,1,Intel,Intel,67260.672
Apple,Ultrabook,13.3,IPS Panel Retina Display 2560x1600,Intel Core i5 2.3GHz,8GB,8.0,256GB SSD,Intel Iris Plus Graphics 640,macOS,1.37,2.3,2560,1600,0,1,Intel,Intel,80908.344
Dell,Notebook,15.6,Full HD 1920x1080,Intel Core i7 7500U 2.7GHz,8GB,8.0,256GB SSD,AMD Radeon R5 M430,Windows 10,2.2,2.7,1920,1080,0,0,Intel,AMD,39693.6
Apple,Ultrabook,15.4,IPS Panel Retina Display 2880x1800,Intel Core i7 2.9GHz,16GB,16.0,512GB SSD,AMD Radeon Pro 560,macOS,1.83,2.9,2880,1800,0,1,Intel,AMD,152274.24
Lenovo,Notebook,15.6,Full HD 1920x1080,Intel Core i3 7100U 2.4GHz,8GB,8.0,1TB HDD,Nvidia GeForce 940MX,No OS,2.2,2.4,1920,1080,0,0,Intel,Nvidia,26586.72
Dell,Ultrabook,13.3,IPS Panel Full HD / Touchscreen 1920x1080,Intel Core i5 8250U 1.6GHz,8GB,8.0,128GB SSD,Intel UHD Graphics 620,Windows 10,1.22,1.6,1920,1080,1,1,Intel,Intel,52161.12
Lenovo,Gaming,15.6,IPS Panel Full HD 1920x1080,Intel Core i5 7300HQ 2.5GHz,8GB,8.0,128GB SSD +  1TB HDD,Nvidia GeForce GTX 1050,Windows 10,2.5,2.5,1920,1080,0,1,Intel,Nvidia,53226.72
HP,Notebook,15.6,1366x768,AMD E-Series E2-9000e 1.5GHz,4GB,4.0,500GB HDD,AMD Radeon R2,No OS,1.86,1.5,1366,768,0,0,AMD,AMD,13746.24
Dell,2 in 1 Convertible,13.3,Full HD / Touchscreen 1920x1080,Intel Core i5 8250U 1.6GHz,8GB,8.0,256GB SSD,Intel UHD Graphics 620,Windows 10,1.62,1.6,1920,1080,1,0,Intel,Intel,43636.32
HP,Ultrabook,15.6,Full HD 1920x1080,Intel Core i7 8550U 1.8GHz,8GB,8.0,256GB SSD,Intel HD Graphics 620,Windows 10,1.91,1.8,1920,1080,0,0,Intel,Intel,35111.52
Dell,Notebook,15.6,1366x768,Intel Core i3 6006U 2GHz,4GB,4.0,1TB HDD,Intel HD Graphics 520,Windows 10,2.3,2.0,1366,768,0,0,Intel,Intel,22305.1392
Apple,Ultrabook,13.3,1440x900,Intel Core i5 1.6GHz,8GB,8.0,128GB Flash Storage,Intel HD Graphics 6000,Mac OS X,1.35,1.6,1440,900,0,0,Intel,Intel,58554.72
Dell,Notebook,15.6,Full HD 1920x1080,Intel Core i5 8250U 1.6GHz,8GB,8.0,256GB SSD,AMD Radeon 530,Windows 10,2.2,1.6,1920,1080,0,0,Intel,AMD,42624.0
Dell,Ultrabook,15.6,Full HD 1920x1080,Intel Core i7 8650U 1.9GHz,8GB,8.0,256GB SSD +  256GB SSD,Intel UHD Graphics 620,Windows 10,1.88,1.9,1920,1080,0,0,Intel,Intel,69157.44
HP,Notebook,17.3,Full HD 1920x1080,Intel Core i5 8250U 1.6GHz,8GB,8.0,1TB HDD,Nvidia GeForce 930MX,Windows 10,2.5,1.6,1920,1080,0,0,Intel,Nvidia,47738.88
Chuwi,Notebook,15.6,Full HD 1920x1080,Intel Atom x5-Z8300 1.44GHz,4GB,4.0,64GB Flash Storage,Intel HD Graphics,Windows 10,1.89,1.44,1920,1080,0,0,Intel,Intel,13053.0672
Asus,Notebook,14.0,1366x768,AMD E-Series E2-6110 1.5GHz,2GB,2.0,32GB Flash Storage,AMD Radeon R2,Windows 10,1.65,1.5,1366,768,0,0,AMD,AMD,10602.72
HP,Notebook,17.3,Full HD 1920x1080,AMD A6-Series 9220 2.5GHz,4GB,4.0,500GB HDD,AMD Radeon 530,Windows 10,2.71,2.5,1920,1080,0,0,AMD,AMD,23389.92
Dell,Ultrabook,13.3,Touchscreen / Quad HD+ 3200x1800,Intel Core i7 8550U 1.8GHz,16GB,16.0,512GB SSD,Intel UHD Graphics 620,Windows 10,1.2,1.8,3200,1800,1,0,Intel,Intel,99580.32
Apple,Ultrabook,13.3,1440x900,Intel Core i5 1.6GHz,8GB,8.0,256GB Flash Storage,Intel HD Graphics 6000,Mac OS X,1.35,1.6,1440,900,0,0,Intel,Intel,53173.44
Lenovo,Notebook,14.0,1366x768,Intel Celeron Dual Core N3350 1.1GHz,4GB,4.0,64GB Flash Storage,Intel HD Graphics 500,Windows 10,1.44,1.1,1366,768,0,0,Intel,Intel,13266.72
Acer,Notebook,15.6,1366x768,Intel Core i3 7130U 2.7GHz,4GB,4.0,1TB HDD,Intel HD Graphics 620,Linux,2.1,2.7,1366,768,0,0,Intel,Intel,19553.76
Dell,Notebook,17.3,IPS Panel Full HD 1920x1080,Intel Core i5 8250U 1.6GHz,8GB,8.0,128GB SSD +  1TB HDD,AMD Radeon 530,Windows 10,2.8,1.6,1920,1080,0,1,Intel,AMD,52161.12
HP,Notebook,15.6,1366x768,Intel Core i5 7200U 2.5GHz,4GB,4.0,1TB HDD,Intel HD Graphics 620,Windows 10,1.86,2.5,1366,768,0,0,Intel,Intel,26037.4032
HP,Notebook,15.6,Full HD 1920x1080,Intel Core i5 8250U 1.6GHz,8GB,8.0,256GB SSD,Nvidia GeForce 930MX ,Windows 10,2.1,1.6,1920,1080,0,0,Intel,Nvidia,46833.12
Asus,Notebook,15.6,Full HD 1920x1080,Intel Core i3 6006U 2GHz,4GB,4.0,1TB HDD,Intel HD Graphics 620,Linux,2.0,2.0,1920,1080,0,0,Intel,Intel,20725.92
Dell,Gaming,15.6,IPS Panel Full HD 1920x1080,Intel Core i7 7700HQ 2.8GHz,16GB,16.0,256GB SSD +  1TB HDD,Nvidia GeForce GTX 1060,Windows 10,2.65,2.8,1920,1080,0,1,Intel,Nvidia,79866.72
Asus,Notebook,15.6,1366x768,Intel Core i5 7200U 2.5GHz,8GB,8.0,1TB HDD,Nvidia GeForce 940MX,Linux,2.3,2.5,1366,768,0,0,Intel,Nvidia,27864.9072
Acer,Notebook,15.6,IPS Panel Full HD 1920x1080,Intel Core i5 8250U 1.6GHz,4GB,4.0,256GB SSD,Intel UHD Graphics 620,Windows 10,2.2,1.6,1920,1080,0,1,Intel,Intel,36336.96
Dell,2 in 1 Convertible,17.3,Full HD / Touchscreen 1920x1080,Intel Core i5 8250U 1.6GHz,12GB,12.0,1TB HDD,Nvidia GeForce 150MX,Windows 10,2.77,1.6,1920,1080,1,0,Intel,Nvidia,53226.72
Apple,Ultrabook,13.3,IPS Panel Retina Display 2560x1600,Intel Core i5 2.0GHz,8GB,8.0,256GB SSD,Intel Iris Graphics 540,macOS,1.37,2.0,2560,1600,0,1,Intel,Intel,75604.32
Asus,Gaming,17.3,Full HD 1920x1080,AMD Ryzen 1700 3GHz,8GB,8.0,256GB SSD +  1TB HDD,AMD Radeon RX 580,Windows 10,3.2,3.0,1920,1080,0,0,AMD,AMD,69210.72
Dell,Notebook,15.6,Full HD 1920x1080,Intel Core i5 7200U 2.5GHz,4GB,4.0,256GB SSD,AMD Radeon R5 M430,Windows 10,2.3,2.5,1920,1080,0,0,Intel,AMD,34045.92
Asus,Notebook,17.3,1366x768,Intel Pentium Quad Core N4200 1.1GHz,4GB,4.0,1TB HDD,Nvidia GeForce 920MX,Windows 10,2.8,1.1,1366,768,0,0,Intel,Nvidia,24828.48
Acer,Notebook,15.6,IPS Panel Full HD 1920x1080,Intel Core i7 8550U 1.8GHz,8GB,8.0,256GB SSD,Nvidia GeForce MX150,Windows 10,2.2,1.8,1920,1080,0,1,Intel,Nvidia,44808.48
HP,Notebook,15.6,Full HD 1920x1080,AMD A6-Series 9220 2.5GHz,4GB,4.0,256GB SSD,AMD Radeon R4 Graphics,Windows 10,1.86,2.5,1920,1080,0,0,AMD,AMD,21231.5472
HP,Notebook,13.3,Full HD 1920x1080,Intel Core i7 8550U 1.8GHz,8GB,8.0,512GB SSD,Intel UHD Graphics 620,Windows 10,1.49,1.8,1920,1080,0,0,Intel,Intel,58767.84
Acer,Notebook,15.6,1366x768,Intel Core i3 7100U 2.4GHz,4GB,4.0,1TB HDD,Intel HD Graphics 620,Windows 10,2.4,2.4,1366,768,0,0,Intel,Intel,20459.52
Dell,Notebook,15.6,Full HD 1920x1080,Intel Core i7 8550U 1.8GHz,8GB,8.0,256GB SSD,AMD Radeon 520,Windows 10,2.13,1.8,1920,1080,0,0,Intel,AMD,40908.384
HP,Notebook,15.6,Full HD 1920x1080,Intel Core i3 6006U 2GHz,4GB,4.0,128GB SSD,Intel HD Graphics 520,Windows 10,1.91,2.0,1920,1080,0,0,Intel,Intel,23389.92
Asus,Notebook,15.6,1366x768,Intel Core i5 7200U 2.5GHz,4GB,4.0,256GB SSD,Intel HD Graphics 620,Windows 10,2.0,2.5,1366,768,0,0,Intel,Intel,31232.2032
MSI,Gaming,17.3,Full HD 1920x1080,Intel Core i7 7700HQ 2.8GHz,16GB,16.0,256GB SSD +  2TB HDD,Nvidia GeForce GTX 1070,Windows 10,2.43,2.8,1920,1080,0,0,Intel,Nvidia,130482.72
Asus,Notebook,15.6,Full HD 1920x1080,Intel Core i3 6006U 2GHz,4GB,4.0,256GB SSD,Intel HD Graphics 520,Linux,2.0,2.0,1920,1080,0,0,Intel,Intel,22111.2
Dell,Notebook,17.3,Full HD 1920x1080,Intel Core i7 8550U 1.8GHz,16GB,16.0,256GB SSD +  2TB HDD,AMD Radeon 530,Windows 10,2.8,1.8,1920,1080,0,0,Intel,AMD,69210.72
Dell,Ultrabook,14.0,Full HD 1920x1080,Intel Core i5 8250U 1.6GHz,8GB,8.0,256GB SSD,Intel UHD Graphics 620,Windows 10,1.7,1.6,1920,1080,0,0,Intel,Intel,46833.12
Lenovo,Notebook,14.0,IPS Panel Full HD 1920x1080,Intel Core i3 7130U 2.7GHz,8GB,8.0,256GB SSD,Intel HD Graphics 620,No OS,1.7,2.7,1920,1080,0,1,Intel,Intel,31914.72
Asus,Notebook,14.0,Full HD 1920x1080,Intel Core i5 8250U 1.6GHz,8GB,8.0,256GB SSD,Intel UHD Graphics 620,Windows 10,1.4,1.6,1920,1080,0,0,Intel,Intel,50136.48
HP,Notebook,15.6,Full HD 1920x1080,Intel Core i5 7200U 2.5GHz,8GB,8.0,256GB SSD,Intel HD Graphics 620,Windows 10,1.86,2.5,1920,1080,0,0,Intel,Intel,36763.2
Asus,Ultrabook,15.6,Full HD 1920x1080,Intel Core i7 7700HQ 2.8GHz,16GB,16.0,512GB SSD,Nvidia GeForce GTX 1050 Ti,Windows 10,1.8,2.8,1920,1080,0,0,Intel,Nvidia,105654.24
HP,Notebook,15.6,1366x768,Intel Core i3 6006U 2GHz,4GB,4.0,500GB HDD,AMD Radeon 520,Windows 10,1.86,2.0,1366,768,0,0,Intel,AMD,23373.4032
HP,Notebook,14.0,1366x768,Intel Celeron Dual Core N3060 1.6GHz,4GB,4.0,32GB SSD,Intel HD Graphics 400,Windows 10,1.44,1.6,1366,768,0,0,Intel,Intel,12201.12
Lenovo,Notebook,15.6,Full HD 1920x1080,Intel Core i5 7200U 2.5GHz,4GB,4.0,1TB HDD,Intel HD Graphics 620,Windows 10,1.9,2.5,1920,1080,0,0,Intel,Intel,29250.72
Asus,Gaming,17.3,Full HD 1920x1080,Intel Core i7 7700HQ 2.8GHz,12GB,12.0,1TB HDD,Nvidia GeForce GTX 1050 Ti,Linux,3.0,2.8,1920,1080,0,0,Intel,Nvidia,50562.72
Microsoft,Ultrabook,13.5,Touchscreen 2256x1504,Intel Core i5 7200U 2.5GHz,4GB,4.0,128GB SSD,Intel HD Graphics 620,Windows 10 S,1.252,2.5,2256,1504,1,0,Intel,Intel,58021.92
Dell,Ultrabook,13.3,IPS Panel Full HD 1920x1080,Intel Core i7 8550U 1.8GHz,64GB,64.0,256GB SSD,AMD Radeon 530,Windows 10,1.4,1.8,1920,1080,0,1,Intel,AMD,50882.4
Dell,Notebook,15.6,Full HD 1920x1080,Intel Core i7 8550U 1.8GHz,8GB,8.0,256GB SSD,AMD Radeon 530,Windows 10,2.2,1.8,1920,1080,0,0,Intel,AMD,46353.6
MSI,Gaming,17.3,Full HD 1920x1080,Intel Core i5 7300HQ 2.5GHz,8GB,8.0,128GB SSD +  1TB HDD,Nvidia GeForce GTX 1050,Windows 10,2.7,2.5,1920,1080,0,0,Intel,Nvidia,58341.6
Acer,Notebook,14.0,1366x768,Intel Core i3 6006U 2GHz,8GB,8.0,1TB HDD,Intel HD Graphics 520,Windows 10,2.1,2.0,1366,768,0,0,Intel,Intel,20725.92
Asus,Gaming,15.6,Full HD 1920x1080,Intel Core i7 7700HQ 2.8GHz,8GB,8.0,1TB HDD,Nvidia GeForce GTX 1050,Windows 10,2.2,2.8,1920,1080,0,0,Intel,Nvidia,50562.72
Lenovo,Notebook,15.6,Full HD 1920x1080,Intel Core i5 7200U 2.5GHz,8GB,8.0,2TB HDD,Intel HD Graphics 620,No OS,2.2,2.5,1920,1080,0,0,Intel,Intel,27652.32
Dell,Notebook,15.6,Full HD 1920x1080,Intel Core i7 8550U 1.8GHz,8GB,8.0,128GB SSD +  1TB HDD,Intel UHD Graphics 620,Windows 10,2.02,1.8,1920,1080,0,0,Intel,Intel,45554.4
Acer,Notebook,15.6,Full HD 1920x1080,Intel Core i3 7130U 2.7GHz,4GB,4.0,1TB HDD,Nvidia GeForce MX130,Windows 10,2.2,2.7,1920,1080,0,0,Intel,Nvidia,28238.4
HP,Notebook,17.3,Full HD 1920x1080,Intel Core i5 8250U 1.6GHz,8GB,8.0,128GB SSD +  1TB HDD,Nvidia GeForce 930MX,Windows 10,2.5,1.6,1920,1080,0,0,Intel,Nvidia,52054.56
Dell,Ultrabook,15.6,IPS Panel Full HD 1920x1080,Intel Core i5 8250U 1.6GHz,8GB,8.0,256GB SSD,Intel UHD Graphics 620,Windows 10,1.88,1.6,1920,1080,0,1,Intel,Intel,58403.4048
Apple,Ultrabook,12.0,IPS Panel Retina Display 2304x1440,Intel Core i5 1.3GHz,8GB,8.0,512GB SSD,Intel HD Graphics 615,macOS,0.92,1.3,2304,1440,0,1,Intel,Intel,80452.8
HP,Notebook,14.0,Full HD 1920x1080,Intel Core i5 8250U 1.6GHz,8GB,8.0,256GB SSD,Intel HD Graphics 620,Windows 10,1.63,1.6,1920,1080,0,0,Intel,Intel,45820.8
Lenovo,Notebook,15.6,Full HD 1920x1080,AMD A6-Series 9220 2.5GHz,4GB,4.0,128GB SSD,AMD R4 Graphics,Windows 10,2.2,2.5,1920,1080,0,0,AMD,AMD,21258.72
Acer,Notebook,15.6,1366x768,AMD A9-Series 9420 3GHz,4GB,4.0,1TB HDD,AMD Radeon R5,Windows 10,2.1,3.0,1366,768,0,0,AMD,AMD,21045.6
Dell,Gaming,15.6,IPS Panel Full HD 1920x1080,Intel Core i7 7700HQ 2.8GHz,16GB,16.0,128GB SSD +  1TB HDD,Nvidia GeForce GTX 1050 Ti,Windows 10,2.65,2.8,1920,1080,0,1,Intel,Nvidia,71874.72
HP,Ultrabook,15.6,IPS Panel Full HD 1920x1080,Intel Core i7 8550U 1.8GHz,8GB,8.0,256GB SSD,Nvidia GeForce GTX 940MX,Windows 10,1.83,1.8,1920,1080,0,1,Intel,Nvidia,37242.72
HP,Notebook,15.6,Full HD 1920x1080,Intel Core i5 7200U 2.5GHz,8GB,8.0,256GB SSD,Intel HD Graphics 620,Windows 10,1.96,2.5,1920,1080,0,0,Intel,Intel,31914.1872
Asus,Gaming,15.6,IPS Panel Full HD 1920x1080,Intel Core i7 7700HQ 2.8GHz,16GB,16.0,128GB SSD +  1TB HDD,Nvidia GeForce GTX 1060,Windows 10,2.2,2.8,1920,1080,0,1,Intel,Nvidia,77202.72
Dell,Ultrabook,13.3,IPS Panel Full HD 1920x1080,Intel Core i7 8550U 1.8GHz,8GB,8.0,256GB SSD,Intel UHD Graphics 620,Windows 10,1.21,1.8,1920,1080,0,1,Intel,Intel,87858.72
Asus,Gaming,15.6,Full HD 1920x1080,AMD FX 9830P 3GHz,8GB,8.0,1TB HDD,AMD Radeon RX 560,Windows 10,2.45,3.0,1920,1080,0,0,AMD,AMD,37242.72
Acer,Notebook,15.6,Full HD 1920x1080,Intel Core i7 8550U 1.8GHz,2GB,2.0,1TB HDD,Nvidia GeForce MX150,Windows 10,2.2,1.8,1920,1080,0,0,Intel,Nvidia,36709.92
HP,Notebook,13.3,Full HD 1920x1080,Intel Core i7 8550U 1.8GHz,16GB,16.0,512GB SSD,Intel UHD Graphics 620,Windows 10,1.49,1.8,1920,1080,0,0,Intel,Intel,63776.16
Dell,Gaming,15.6,Full HD 1920x1080,Intel Core i5 7300HQ 2.5GHz,8GB,8.0,256GB SSD,Nvidia GeForce GTX 1060,Windows 10,2.65,2.5,1920,1080,0,0,Intel,Nvidia,63669.6
Asus,Ultrabook,14.0,Full HD 1920x1080,Intel Core i7 7500U 2.7GHz,8GB,8.0,256GB SSD,Intel HD Graphics 620,Windows 10,1.25,2.7,1920,1080,0,0,Intel,Intel,55890.72
Acer,2 in 1 Convertible,13.3,IPS Panel Full HD / Touchscreen 1920x1080,Intel Core i5 8250U 1.6GHz,8GB,8.0,256GB SSD,Intel UHD Graphics 620,Windows 10,1.5,1.6,1920,1080,1,1,Intel,Intel,45128.16
Dell,Notebook,15.6,Full HD 1920x1080,Intel Core i7 7500U 2.7GHz,8GB,8.0,1TB HDD,AMD Radeon R5 M430,Linux,2.2,2.7,1920,1080,0,0,Intel,AMD,31962.672
Dell,Notebook,15.6,Full HD 1920x1080,Intel Core i3 6006U 2GHz,4GB,4.0,256GB SSD,AMD Radeon R5 M430,Linux,2.2,2.0,1920,1080,0,0,Intel,AMD,25840.8
Asus,Notebook,15.6,Full HD 1920x1080,Intel Core i3 7100U 2.4GHz,6GB,6.0,256GB SSD,Nvidia GeForce 920M,Windows 10,2.0,2.4,1920,1080,0,0,Intel,Nvidia,30742.56
HP,Gaming,15.6,IPS Panel Full HD 1920x1080,Intel Core i7 7700HQ 2.8GHz,12GB,12.0,128GB SSD +  1TB HDD,Nvidia GeForce GTX 1050,Windows 10,2.62,2.8,1920,1080,0,1,Intel,Nvidia,66546.72
HP,Notebook,15.6,Full HD 1920x1080,Intel Core i7 7500U 2.7GHz,8GB,8.0,256GB SSD,AMD Radeon 530,Windows 10,1.91,2.7,1920,1080,0,0,Intel,AMD,38308.32
HP,Notebook,15.6,Full HD 1920x1080,AMD E-Series E2-9000e 1.5GHz,4GB,4.0,500GB HDD,AMD Radeon R2,Windows 10,2.1,1.5,1920,1080,0,0,AMD,AMD,18594.72
Dell,Notebook,15.6,Full HD 1920x1080,Intel Core i5 8250U 1.6GHz,8GB,8.0,1TB HDD,AMD Radeon 520,Linux,2.2,1.6,1920,1080,0,0,Intel,AMD,34472.16
HP,Ultrabook,13.3,IPS Panel Full HD 1920x1080,Intel Core i7 7500U 2.7GHz,8GB,8.0,256GB SSD,Nvidia GeForce MX150,Windows 10,1.38,2.7,1920,1080,0,1,Intel,Nvidia,59620.32
Microsoft,Ultrabook,13.5,Touchscreen 2256x1504,Intel Core i5 7200U 2.5GHz,8GB,8.0,256GB SSD,Intel HD Graphics 620,Windows 10 S,1.252,2.5,2256,1504,1,0,Intel,Intel,71395.2
HP,Notebook,14.0,IPS Panel Full HD 1920x1080,Intel Core i5 7200U 2.5GHz,6GB,6.0,256GB SSD,Nvidia GeForce 940MX,Windows 10,1.58,2.5,1920,1080,0,1,Intel,Nvidia,35111.52
Lenovo,Notebook,15.6,Full HD 1920x1080,Intel Core i3 6006U 2GHz,4GB,4.0,1TB HDD,Intel HD Graphics 520,Windows 10,1.85,2.0,1920,1080,0,0,Intel,Intel,22105.872
Asus,Ultrabook,14.0,IPS Panel Full HD 1920x1080,Intel Core i7 7500U 2.7GHz,8GB,8.0,256GB SSD,Nvidia GeForce 940MX,Windows 10,1.3,2.7,1920,1080,0,1,Intel,Nvidia,63563.04
MSI,Gaming,15.6,Full HD 1920x1080,Intel Core i7 7700HQ 2.8GHz,16GB,16.0,256GB SSD +  1TB HDD,Nvidia GeForce GTX 1050 Ti,Windows 10,2.2,2.8,1920,1080,0,0,Intel,Nvidia,69210.72
Lenovo,Notebook,14.0,IPS Panel Full HD 1920x1080,Intel Core i7 7500U 2.7GHz,8GB,8.0,256GB SSD,Intel HD Graphics 620,Windows 10,1.58,2.7,1920,1080,0,1,Intel,Intel,78854.4
Asus,Ultrabook,15.6,Full HD 1920x1080,Intel Core i7 8550U 1.8GHz,16GB,16.0,256GB SSD +  1TB HDD,Nvidia GeForce MX150,Windows 10,1.5,1.8,1920,1080,0,0,Intel,Nvidia,67239.36
Dell,Ultrabook,13.3,Quad HD+ / Touchscreen 3200x1800,Intel Core i7 7560U 2.4GHz,8GB,8.0,256GB SSD,Intel Iris Plus Graphics 640,Windows 10,1.23,2.4,3200,1800,1,0,Intel,Intel,73473.12
Lenovo,2 in 1 Convertible,13.3,IPS Panel Full HD / Touchscreen 1920x1080,Intel Core i5 7200U 2.5GHz,8GB,8.0,256GB SSD,Intel HD Graphics 620,Windows 10,1.37,2.5,1920,1080,1,1,Intel,Intel,74538.72
HP,Notebook,14.0,IPS Panel 1366x768,Intel Core i5 8250U 1.6GHz,4GB,4.0,500GB HDD,Intel UHD Graphics 620,Windows 10,1.63,1.6,1366,768,0,1,Intel,Intel,38468.16
Dell,Ultrabook,13.3,IPS Panel Full HD 1920x1080,Intel Core i5 8250U 1.6GHz,8GB,8.0,256GB SSD,Intel UHD Graphics 620,Windows 10,1.21,1.6,1920,1080,0,1,Intel,Intel,86793.12
HP,Notebook,14.0,Full HD 1920x1080,Intel Core i7 8550U 1.8GHz,8GB,8.0,512GB SSD,Intel UHD Graphics 620,Windows 10,1.63,1.8,1920,1080,0,0,Intel,Intel,57755.52
Dell,Notebook,15.6,IPS Panel Full HD 1920x1080,Intel Core i7 8550U 1.8GHz,8GB,8.0,256GB SSD +  1TB HDD,Nvidia GeForce 940MX,Windows 10,2.16,1.8,1920,1080,0,1,Intel,Nvidia,60223.9824
Asus,Notebook,17.3,Full HD 1920x1080,Intel Core i3 6006U 2GHz,4GB,4.0,1TB HDD,Nvidia GeForce 920MX,Windows 10,2.0,2.0,1920,1080,0,0,Intel,Nvidia,30049.92
Asus,Notebook,15.6,Full HD 1920x1080,Intel Core i7 8550U 1.8GHz,8GB,8.0,256GB SSD,Nvidia GeForce 940MX,Windows 10,1.7,1.8,1920,1080,0,0,Intel,Nvidia,59567.04
Acer,Notebook,15.6,IPS Panel Full HD / Touchscreen 1920x1080,Intel Core i3 7100U 2.4GHz,6GB,6.0,1TB HDD,Intel HD Graphics 620,Windows 10,2.1,2.4,1920,1080,1,1,Intel,Intel,25521.12
MSI,Gaming,15.6,Full HD 1920x1080,Intel Core i7 7700HQ 2.8GHz,16GB,16.0,256GB SSD +  2TB HDD,Nvidia GeForce GTX 1070,Windows 10,1.8,2.8,1920,1080,0,0,Intel,Nvidia,119427.12
Lenovo,Notebook,15.6,Full HD 1920x1080,Intel Core i5 7200U 2.5GHz,8GB,8.0,256GB SSD,Nvidia GeForce 940MX,No OS,2.2,2.5,1920,1080,0,0,Intel,Nvidia,33513.12
HP,Notebook,17.3,Full HD 1920x1080,Intel Core i7 8550U 1.8GHz,16GB,16.0,512GB SSD,Nvidia GeForce 930MX ,Windows 10,2.5,1.8,1920,1080,0,0,Intel,Nvidia,67718.88
Acer,Notebook,15.6,1366x768,AMD A9-Series 9420 3GHz,4GB,4.0,256GB SSD,AMD Radeon R5,Windows 10,2.1,3.0,1366,768,0,0,AMD,AMD,24029.28
HP,Notebook,14.0,Full HD 1920x1080,Intel Core i5 8250U 1.6GHz,8GB,8.0,1TB HDD,Intel UHD Graphics 620,Windows 10,1.63,1.6,1920,1080,0,0,Intel,Intel,43263.36
Asus,Notebook,14.0,1366x768,AMD E-Series 6110 1.5GHz,4GB,4.0,64GB SSD,AMD Radeon R2,Windows 10 S,1.65,1.5,1366,768,0,0,AMD,AMD,14811.3072
Dell,Notebook,17.3,Full HD 1920x1080,Intel Core i7 8550U 1.8GHz,16GB,16.0,256GB SSD +  2TB HDD,AMD Radeon 530,Windows 10,2.8,1.8,1920,1080,0,0,Intel,AMD,74378.88
HP,Notebook,17.3,Full HD 1920x1080,Intel Core i5 8250U 1.6GHz,8GB,8.0,256GB SSD,Intel UHD Graphics 620,Windows 10,2.5,1.6,1920,1080,0,0,Intel,Intel,49443.84
Dell,Notebook,15.6,1366x768,Intel Core i5 7200U 2.5GHz,8GB,8.0,1TB HDD,AMD Radeon R7 M445,Windows 10,2.36,2.5,1366,768,0,0,Intel,AMD,34045.3872
Dell,Notebook,15.6,Full HD 1920x1080,Intel Core i3 6006U 2GHz,4GB,4.0,1TB HDD,AMD Radeon R5 M430,Windows 10,2.2,2.0,1920,1080,0,0,Intel,AMD,23922.72
Acer,Ultrabook,14.0,IPS Panel Full HD 1920x1080,Intel Core i7 8550U 1.8GHz,8GB,8.0,256GB SSD,Intel UHD Graphics 620,Windows 10,1.6,1.8,1920,1080,0,1,Intel,Intel,47099.52
Acer,Notebook,15.6,Full HD 1920x1080,Intel Core i3 7130U 2.7GHz,4GB,4.0,256GB SSD,Nvidia GeForce MX130,Windows 10,7.2,2.7,1920,1080,0,0,Intel,Nvidia,30476.16
HP,Notebook,15.6,1366x768,Intel Core i7 7500U 2.7GHz,8GB,8.0,1TB HDD,Intel HD Graphics 620,Windows 10,2.05,2.7,1366,768,0,0,Intel,Intel,31861.44
HP,Notebook,14.0,Full HD 1920x1080,Intel Core i7 8550U 1.8GHz,8GB,8.0,256GB SSD,Intel UHD Graphics 620,Windows 10,1.63,1.8,1920,1080,0,0,Intel,Intel,52640.64
Lenovo,Notebook,15.6,1366x768,Intel Celeron Dual Core N3350 1.1GHz,4GB,4.0,1TB HDD,Intel HD Graphics 500,No OS,1.9,1.1,1366,768,0,0,Intel,Intel,13445.7408
Asus,Gaming,17.3,Full HD 1920x1080,Intel Core i5 7300HQ 2.5GHz,8GB,8.0,128GB SSD +  1TB HDD,Nvidia GeForce GTX 1050,Windows 10,3.0,2.5,1920,1080,0,0,Intel,Nvidia,49976.64
Lenovo,Notebook,15.6,Full HD 1920x1080,Intel Core i5 7200U 2.5GHz,4GB,4.0,1TB HDD,Nvidia GeForce 920MX,No OS,2.2,2.5,1920,1080,0,0,Intel,Nvidia,26586.72
HP,Notebook,13.3,IPS Panel Full HD 1920x1080,Intel Core i5 7200U 2.5GHz,4GB,4.0,256GB SSD,Intel HD Graphics 620,Windows 10,1.32,2.5,1920,1080,0,1,Intel,Intel,37242.72
Acer,Notebook,17.3,IPS Panel Full HD 1920x1080,Intel Core i3 7130U 2.7GHz,4GB,4.0,1TB HDD,Nvidia GeForce MX130,Windows 10,3.0,2.7,1920,1080,0,1,Intel,Nvidia,34898.4
Lenovo,Notebook,14.0,IPS Panel Full HD 1920x1080,Intel Core i5 8250U 1.6GHz,8GB,8.0,256GB SSD,AMD Radeon RX 550,Windows 10,1.75,1.6,1920,1080,0,1,Intel,AMD,59461.5456
Lenovo,Gaming,15.6,IPS Panel Full HD 1920x1080,Intel Core i7 7700HQ 2.8GHz,8GB,8.0,256GB SSD,Nvidia GeForce GTX 1050M,No OS,2.4,2.8,1920,1080,0,1,Intel,Nvidia,46300.32
Toshiba,Notebook,15.6,1366x768,Intel Core i5 6200U 2.3GHz,4GB,4.0,500GB HDD,Intel HD Graphics 520,Windows 10,2.1,2.3,1366,768,0,0,Intel,Intel,32074.56
HP,Notebook,15.6,1366x768,AMD A6-Series 9220 2.5GHz,4GB,4.0,256GB SSD,AMD Radeon R4 Graphics,Windows 10,1.86,2.5,1366,768,0,0,AMD,AMD,19660.32
Asus,Ultrabook,14.0,Full HD 1920x1080,Intel Core i7 8550U 1.8GHz,8GB,8.0,256GB SSD,Intel UHD Graphics 620,Windows 10,1.25,1.8,1920,1080,0,0,Intel,Intel,58554.72
HP,Ultrabook,12.5,IPS Panel 4K Ultra HD / Touchscreen 3840x2160,Intel Core M 6Y75 1.2GHz,8GB,8.0,512GB SSD,Intel HD Graphics 515,Windows 10,0.97,1.2,3840,2160,1,1,Intel,Intel,107305.92
Asus,Notebook,15.6,Full HD 1920x1080,Intel Celeron Dual Core N3350 1.1GHz,4GB,4.0,1TB HDD,Intel HD Graphics 500,Windows 10,2.0,1.1,1920,1080,0,0,Intel,Intel,18328.32
Acer,Notebook,15.6,1366x768,Intel Core i3 6006U 2GHz,4GB,4.0,1TB HDD,Intel HD Graphics 520,Windows 10,2.1,2.0,1366,768,0,0,Intel,Intel,23816.16
Dell,Gaming,15.6,Full HD 1920x1080,Intel Core i7 7700HQ 2.8GHz,16GB,16.0,512GB SSD,Nvidia GeForce GTX 1050,Windows 10,2.56,2.8,1920,1080,0,0,Intel,Nvidia,66560.5728
Dell,Gaming,15.6,Full HD 1920x1080,Intel Core i7 7700HQ 2.8GHz,8GB,8.0,1.0TB Hybrid,Nvidia GeForce GTX 1050,Windows 10,2.62,2.8,1920,1080,0,0,Intel,Nvidia,47898.72
Lenovo,Notebook,15.6,1366x768,Intel Core i5 7200U 2.5GHz,4GB,4.0,128GB SSD,Intel HD Graphics 620,Windows 10,1.9,2.5,1366,768,0,0,Intel,Intel,26533.44
MSI,Gaming,17.3,Full HD 1920x1080,Intel Core i7 7700HQ 2.8GHz,16GB,16.0,256GB SSD +  1TB HDD,Nvidia GeForce GTX 1060,Windows 10,2.8,2.8,1920,1080,0,0,Intel,Nvidia,100699.2
HP,Ultrabook,14.0,Full HD 1920x1080,Intel Core i5 7500U 2.7GHz,4GB,4.0,256GB SSD,Intel HD Graphics 620,Windows 10,1.48,2.7,1920,1080,0,0,Intel,Intel,57648.96
HP,Notebook,15.6,Full HD 1920x1080,Intel Core i5 8250U 1.6GHz,6GB,6.0,256GB SSD,AMD Radeon 520,Windows 10,1.91,1.6,1920,1080,0,0,Intel,AMD,32980.32
Lenovo,2 in 1 Convertible,14.0,IPS Panel Full HD / Touchscreen 1920x1080,Intel Core i3 7100U 2.4GHz,4GB,4.0,256GB SSD,Intel HD Graphics 620,Windows 10,1.74,2.4,1920,1080,1,1,Intel,Intel,33513.12
Asus,2 in 1 Convertible,13.3,Full HD / Touchscreen 1920x1080,Intel Core i5 8250U 1.6GHz,8GB,8.0,256GB SSD,Intel HD Graphics 620,Windows 10,1.1,1.6,1920,1080,1,0,Intel,Intel,70063.2
Dell,2 in 1 Convertible,15.6,Full HD / Touchscreen 1920x1080,Intel Core i7 8550U 1.8GHz,8GB,8.0,256GB SSD,Intel UHD Graphics 620,Windows 10,1.56,1.8,1920,1080,1,0,Intel,Intel,55890.72
Toshiba,Notebook,15.6,1366x768,Intel Core i3 6006U 2.2GHz,4GB,4.0,500GB HDD,Intel HD Graphics 520,Windows 10,2.1,2.2,1366,768,0,0,Intel,Intel,23816.16
Asus,Notebook,15.6,1366x768,AMD A9-Series 9420 3GHz,4GB,4.0,1TB HDD,AMD Radeon R5 M420,Windows 10,2.03,3.0,1366,768,0,0,AMD,AMD,21471.84
Acer,Notebook,17.3,IPS Panel Full HD 1920x1080,Intel Core i5 8250U 1.6GHz,4GB,4.0,256GB SSD,Nvidia GeForce MX150,Windows 10,3.0,1.6,1920,1080,0,1,Intel,Nvidia,42890.4
Dell,Notebook,15.6,Full HD 1920x1080,Intel Core i5 8250U 1.6GHz,8GB,8.0,256GB SSD,AMD Radeon 520,Windows 10,2.13,1.6,1920,1080,0,0,Intel,AMD,38787.84
Lenovo,Gaming,15.6,IPS Panel Full HD 1920x1080,Intel Core i7 7700HQ 2.8GHz,16GB,16.0,256GB SSD,Nvidia GeForce GTX 1050 Ti,Windows 10,2.5,2.8,1920,1080,0,1,Intel,Nvidia,57489.12
Acer,Notebook,15.6,1366x768,Intel Celeron Dual Core N3350 1.1GHz,4GB,4.0,1TB HDD,Intel HD Graphics 500,Windows 10,2.1,1.1,1366,768,0,0,Intel,Intel,18541.44
MSI,Gaming,15.6,IPS Panel Full HD 1920x1080,Intel Core i7 7700HQ 2.8GHz,16GB,16.0,256GB SSD +  1TB HDD,Nvidia GeForce GTX 1060,Windows 10,2.4,2.8,1920,1080,0,1,Intel,Nvidia,95850.72
Acer,Notebook,15.6,1366x768,Intel Pentium Quad Core N4200 1.1GHz,4GB,4.0,1TB HDD,Intel HD Graphics 505,Windows 10,2.1,1.1,1366,768,0,0,Intel,Intel,19367.8128
Dell,Gaming,15.6,Full HD 1920x1080,Intel Core i7 7700HQ 2.8GHz,8GB,8.0,128GB SSD +  1TB HDD,Nvidia GeForce GTX 1050,Windows 10,2.56,2.8,1920,1080,0,0,Intel,Nvidia,56502.9072
Acer,Notebook,17.3,IPS Panel Full HD 1920x1080,Intel Core i5 8250U 1.6GHz,8GB,8.0,256GB SSD,Nvidia GeForce MX150,Windows 10,3.0,1.6,1920,1080,0,1,Intel,Nvidia,45501.12
HP,Notebook,13.3,IPS Panel Full HD 1920x1080,Intel Core i5 8250U 1.6GHz,4GB,4.0,500GB HDD,Intel UHD Graphics 620,Windows 10,1.49,1.6,1920,1080,0,1,Intel,Intel,40173.12
Huawei,Ultrabook,13.0,IPS Panel Full HD 2160x1440,Intel Core i5 7200U 2.5GHz,8GB,8.0,256GB SSD,Intel HD Graphics 620,Windows 10,1.05,2.5,2160,1440,0,1,Intel,Intel,71874.72
HP,Notebook,17.3,IPS Panel Full HD 1920x1080,Intel Core i5 7200U 2.5GHz,6GB,6.0,2TB HDD,AMD Radeon 520,Windows 10,2.71,2.5,1920,1080,0,1,Intel,AMD,37242.72
Lenovo,Notebook,15.6,1366x768,AMD A6-Series 9220 2.9GHz,4GB,4.0,500GB HDD,AMD Radeon R4 Graphics,No OS,2.2,2.9,1366,768,0,0,AMD,AMD,16463.52
Toshiba,Notebook,15.6,1366x768,Intel Core i3 7100U 2.4GHz,4GB,4.0,500GB HDD,Intel HD Graphics 620,Windows 10,5.4,2.4,1366,768,0,0,Intel,Intel,26053.92
HP,Notebook,17.3,Full HD 1920x1080,Intel Core i5 8250U 1.6GHz,8GB,8.0,256GB SSD,Nvidia GeForce 930MX,Windows 10,2.5,1.6,1920,1080,0,0,Intel,Nvidia,49177.44
Dell,Notebook,15.6,1366x768,Intel Core i3 7100U 2.4GHz,8GB,8.0,1TB HDD,Intel HD Graphics 620,Windows 10,2.3,2.4,1366,768,0,0,Intel,Intel,24455.52
Acer,Notebook,15.6,1366x768,Intel Core i3 6006U 2GHz,4GB,4.0,128GB SSD,Intel HD Graphics 520,Windows 10,2.1,2.0,1366,768,0,0,Intel,Intel,23922.72
MSI,Gaming,18.4,Full HD 1920x1080,Intel Core i7 6920HQ 2.9GHz,32GB,32.0,512GB SSD +  1TB HDD,Nvidia GTX 980 SLI,Windows 10,4.4,2.9,1920,1080,0,0,Intel,Nvidia,149130.72
Lenovo,Notebook,15.6,Full HD 1920x1080,Intel Core i5 7200U 2.5GHz,8GB,8.0,128GB SSD +  1TB HDD,AMD R17M-M1-70,Windows 10,1.9,2.5,1920,1080,0,0,Intel,AMD,43316.64
HP,2 in 1 Convertible,13.3,IPS Panel 4K Ultra HD / Touchscreen 3840x2160,Intel Core i5 8250U 1.6GHz,8GB,8.0,256GB SSD,Intel UHD Graphics 620,Windows 10,1.29,1.6,3840,2160,1,1,Intel,Intel,79866.72
Dell,Notebook,15.6,Full HD 1920x1080,Intel Core i7 8550U 1.8GHz,16GB,16.0,256GB SSD +  2TB HDD,AMD Radeon 530,Linux,2.02,1.8,1920,1080,0,0,Intel,AMD,55890.72
Dell,Ultrabook,13.3,Full HD 1920x1080,Intel Core i5 8250U 1.6GHz,8GB,8.0,256GB SSD,Intel UHD Graphics 620,Windows 10,1.23,1.6,1920,1080,0,0,Intel,Intel,74538.72
Lenovo,2 in 1 Convertible,13.9,IPS Panel 4K Ultra HD / Touchscreen 3840x2160,Intel Core i7 8550U 1.8GHz,16GB,16.0,512GB SSD,Intel UHD Graphics 620,Windows 10,1.4,1.8,3840,2160,1,1,Intel,Intel,98514.72
Toshiba,Notebook,15.6,1366x768,Intel Core i5 7200U 2.5GHz,8GB,8.0,128GB SSD,Intel HD Graphics 620,Windows 10,2.0,2.5,1366,768,0,0,Intel,Intel,42251.04
Xiaomi,Notebook,15.6,IPS Panel Full HD 1920x1080,Intel Core i5 8250U 1.6GHz,8GB,8.0,256GB SSD,Nvidia GeForce MX150,No OS,1.95,1.6,1920,1080,0,1,Intel,Nvidia,63882.72
Dell,Notebook,17.3,Full HD / Touchscreen 1920x1080,Intel Core i7 8550U 1.8GHz,16GB,16.0,512GB SSD,Nvidia GeForce 150MX,Windows 10,2.77,1.8,1920,1080,1,0,Intel,Nvidia,82530.72
Dell,Notebook,15.6,4K Ultra HD / Touchscreen 3840x2160,Intel Core i7 7700HQ 2.8GHz,16GB,16.0,512GB SSD,Nvidia GeForce GTX 1050,Windows 10,2.06,2.8,3840,2160,1,0,Intel,Nvidia,127712.16
Lenovo,Gaming,15.6,IPS Panel Full HD 1920x1080,Intel Core i5 7300HQ 2.5GHz,8GB,8.0,256GB SSD,Nvidia GeForce GTX 1050,No OS,2.4,2.5,1920,1080,0,1,Intel,Nvidia,41505.12
Acer,Ultrabook,13.3,IPS Panel Full HD 1920x1080,Intel Core i5 7Y54 1.2GHz,8GB,8.0,256GB SSD,Intel HD Graphics 615,Windows 10,1.12,1.2,1920,1080,0,1,Intel,Intel,52693.92
Dell,Notebook,17.3,Full HD 1920x1080,Intel Core i7 8550U 1.8GHz,8GB,8.0,128GB SSD +  1TB HDD,AMD Radeon 530,Windows 10,2.8,1.8,1920,1080,0,0,Intel,AMD,57808.8
Vero,Notebook,14.0,IPS Panel Full HD 1920x1080,Intel Celeron Dual Core N3350 1.1GHz,4GB,4.0,32GB Flash Storage,Intel HD Graphics 500,Windows 10,1.3,1.1,1920,1080,0,1,Intel,Intel,13852.8
Xiaomi,Ultrabook,13.3,IPS Panel Full HD 1920x1080,Intel Core i5 7200U 2.5GHz,8GB,8.0,256GB SSD,Nvidia GeForce MX150,No OS,1.3,2.5,1920,1080,0,1,Intel,Nvidia,53274.672
Lenovo,Notebook,17.3,1600x900,Intel Core i5 8250U 1.6GHz,8GB,8.0,256GB SSD,Nvidia GeForce MX150,No OS,2.8,1.6,1600,900,0,0,Intel,Nvidia,37189.44
Dell,2 in 1 Convertible,13.3,IPS Panel Full HD / Touchscreen 1920x1080,Intel Core i7 8550U 1.8GHz,8GB,8.0,1TB HDD,Intel UHD Graphics 620,Windows 10,1.62,1.8,1920,1080,1,1,Intel,Intel,44701.92
HP,Notebook,17.3,IPS Panel Full HD 1920x1080,Intel Core i5 8250U 1.6GHz,8GB,8.0,1TB HDD,Nvidia GeForce 930MX,Windows 10,2.5,1.6,1920,1080,0,1,Intel,Nvidia,48697.92
Razer,Gaming,17.3,4K Ultra HD / Touchscreen 3840x2160,Intel Core i7 7820HK 2.9GHz,32GB,32.0,1TB SSD,Nvidia GeForce GTX 1080,Windows 10,3.49,2.9,3840,2160,1,0,Intel,Nvidia,324954.72
HP,Notebook,13.3,Full HD 1920x1080,Intel Core i5 8250U 1.6GHz,8GB,8.0,512GB SSD,Intel UHD Graphics 620,Windows 10,1.49,1.6,1920,1080,0,0,Intel,Intel,51095.52
HP,Gaming,17.3,IPS Panel Full HD 1920x1080,Intel Core i7 7700HQ 2.8GHz,16GB,16.0,256GB SSD +  1TB HDD,Nvidia GeForce GTX 1050,Windows 10,3.35,2.8,1920,1080,0,1,Intel,Nvidia,73473.12
HP,Notebook,17.3,Full HD 1920x1080,Intel Core i7 8550U 1.8GHz,8GB,8.0,256GB SSD,Nvidia GeForce 930MX ,Windows 10,2.5,1.8,1920,1080,0,0,Intel,Nvidia,55677.6
Dell,Gaming,15.6,IPS Panel 4K Ultra HD 3840x2160,Intel Core i7 7700HQ 2.8GHz,16GB,16.0,512GB SSD +  1TB HDD,Nvidia GeForce GTX 1060,Windows 10,2.65,2.8,3840,2160,0,1,Intel,Nvidia,98301.6
Lenovo,Notebook,15.6,1366x768,Intel Core i5 6200U 2.3GHz,4GB,4.0,128GB SSD,Intel HD Graphics 520,Windows 10,2.1,2.3,1366,768,0,0,Intel,Intel,26267.04
Acer,Notebook,15.6,Full HD 1920x1080,Intel Core i7 7500U 2.7GHz,8GB,8.0,1TB HDD,Nvidia GeForce 940MX,Windows 10,2.23,2.7,1920,1080,0,0,Intel,Nvidia,39533.76
Lenovo,Gaming,15.6,IPS Panel Full HD 1920x1080,Intel Core i7 7700HQ 2.8GHz,16GB,16.0,512GB SSD +  1TB HDD,Nvidia GeForce GTX 1060,Windows 10,3.2,2.8,1920,1080,0,1,Intel,Nvidia,93186.72
Dell,Workstation,15.6,4K Ultra HD 3840x2160,Intel Xeon E3-1505M V6 3GHz,16GB,16.0,256GB SSD +  1TB HDD,Nvidia Quadro M1200,Windows 10,2.8,3.0,3840,2160,0,0,Intel,Nvidia,162770.4
Lenovo,Gaming,15.6,Full HD 1920x1080,Intel Core i7 7700HQ 2.8GHz,16GB,16.0,512GB SSD,Nvidia GeForce GTX 1060,No OS,2.4,2.8,1920,1080,0,0,Intel,Nvidia,74485.44
Dell,Notebook,15.6,Touchscreen 1366x768,Intel Core i3 7100U 2.4GHz,6GB,6.0,1TB HDD,Intel HD Graphics 620,Windows 10,2.3,2.4,1366,768,1,0,Intel,Intel,23389.92
Dell,Ultrabook,13.3,IPS Panel 4K Ultra HD / Touchscreen 3840x2160,Intel Core i7 8550U 1.8GHz,8GB,8.0,256GB SSD,Intel UHD Graphics 620,Windows 10,1.21,1.8,3840,2160,1,1,Intel,Intel,103842.72
Dell,Ultrabook,13.3,Full HD 1920x1080,Intel Core i7 8550U 1.8GHz,8GB,8.0,256GB SSD,Intel UHD Graphics 620,Windows 10,,1.8,1920,1080,0,0,Intel,Intel,77202.72
Acer,Notebook,15.6,Full HD 1920x1080,Intel Core i7 7700HQ 2.8GHz,8GB,8.0,1TB HDD,Nvidia GeForce GTX 1050,Linux,2.4,2.8,1920,1080,0,0,Intel,Nvidia,41505.12
Asus,Gaming,17.3,Full HD 1920x1080,Intel Core i7 7700HQ 2.8GHz,16GB,16.0,256GB SSD +  1TB HDD,Nvidia GeForce GTX 1050,Windows 10,2.9,2.8,1920,1080,0,0,Intel,Nvidia,74964.96
HP,Notebook,15.6,Full HD 1920x1080,Intel Core i3 6006U 2GHz,4GB,4.0,500GB HDD,Intel HD Graphics 520,No OS,2.1,2.0,1920,1080,0,0,Intel,Intel,18594.72
Lenovo,Notebook,15.6,Full HD 1920x1080,Intel Core i5 7200U 2.5GHz,8GB,8.0,256GB SSD,Intel HD Graphics 620,No OS,2.2,2.5,1920,1080,0,0,Intel,Intel,29250.72
Huawei,Ultrabook,13.0,IPS Panel Full HD 2160x1440,Intel Core i7 7500U 2.7GHz,8GB,8.0,512GB SSD,Intel HD Graphics 620,Windows 10,1.05,2.7,2160,1440,0,1,Intel,Intel,79866.72
Dell,Ultrabook,13.3,IPS Panel Full HD 1920x1080,Intel Core i7 8550U 1.8GHz,8GB,8.0,256GB SSD,AMD Radeon 530,Windows 10,1.4,1.8,1920,1080,0,1,Intel,AMD,49650.5664
Lenovo,Notebook,17.3,1600x900,Intel Core i5 7200U 2.5GHz,8GB,8.0,1TB HDD,Nvidia GeForce GTX 940MX,No OS,2.8,2.5,1600,900,0,0,Intel,Nvidia,31381.92
HP,Notebook,14.0,Full HD 1920x1080,Intel Core i7 8550U 1.8GHz,8GB,8.0,256GB SSD,Nvidia GeForce 930MX,Windows 10,1.63,1.8,1920,1080,0,0,Intel,Nvidia,54931.68
Dell,Ultrabook,14.0,Full HD 1920x1080,Intel Core i5 8250U 1.6GHz,8GB,8.0,256GB SSD,Intel UHD Graphics 620,Windows 10,1.6,1.6,1920,1080,0,0,Intel,Intel,61218.72
Dell,2 in 1 Convertible,13.3,Full HD / Touchscreen 1920x1080,Intel Core i7 8550U 1.8GHz,16GB,16.0,512GB SSD,Intel UHD Graphics 620,Windows 10,1.62,1.8,1920,1080,1,0,Intel,Intel,68145.12
Dell,Notebook,15.6,Full HD 1920x1080,Intel Core i5 8250U 1.6GHz,8GB,8.0,256GB SSD,AMD Radeon 520,Linux,2.2,1.6,1920,1080,0,0,Intel,AMD,36089.208
Lenovo,2 in 1 Convertible,14.0,IPS Panel Full HD 1920x1080,Intel Core i5 8250U 1.6GHz,8GB,8.0,256GB SSD,Intel UHD Graphics 620,Windows 10,1.74,1.6,1920,1080,0,1,Intel,Intel,47898.72
Toshiba,Ultrabook,13.3,Full HD 1920x1080,Intel Core i7 6500U 2.5GHz,8GB,8.0,256GB SSD,Intel HD Graphics 520,Windows 10,1.2,2.5,1920,1080,0,0,Intel,Intel,72620.64
HP,Notebook,15.6,Full HD 1920x1080,Intel Core i5 8250U 1.6GHz,8GB,8.0,1TB HDD,Intel UHD Graphics 620,Windows 10,2.1,1.6,1920,1080,0,0,Intel,Intel,42304.32
Dell,Gaming,17.3,IPS Panel Full HD 1920x1080,Intel Core i7 7700HQ 2.8GHz,16GB,16.0,256GB SSD +  1TB HDD,Nvidia GeForce GTX 1060,Windows 10,4.42,2.8,1920,1080,0,1,Intel,Nvidia,130873.7952
Acer,Notebook,15.6,Full HD 1920x1080,Intel Core i7 7500U 2.7GHz,8GB,8.0,256GB SSD,Nvidia GeForce 940MX,Windows 10,2.2,2.7,1920,1080,0,0,Intel,Nvidia,44328.96
Dell,Notebook,15.6,Full HD / Touchscreen 1920x1080,Intel Core i7 7500U 2.7GHz,16GB,16.0,1TB HDD,AMD Radeon R7 M445,Windows 10,2.3,2.7,1920,1080,1,0,Intel,AMD,45768.0528
Asus,Notebook,15.6,Full HD 1920x1080,Intel Core i5 7200U 2.5GHz,8GB,8.0,256GB SSD,Nvidia GeForce 920MX ,Windows 10,2.0,2.5,1920,1080,0,0,Intel,Nvidia,40972.32
Asus,Notebook,17.3,Full HD 1920x1080,Intel Core i5 7200U 2.5GHz,8GB,8.0,256GB SSD +  500GB HDD,Nvidia GeForce GTX 950M,Windows 10,2.69,2.5,1920,1080,0,0,Intel,Nvidia,47472.48
HP,Notebook,15.6,Full HD 1920x1080,Intel Core i7 7500U 2.7GHz,8GB,8.0,1TB HDD,AMD FirePro W4190M ,Windows 10,1.9,2.7,1920,1080,0,0,Intel,AMD,67612.32
Asus,Notebook,15.6,1366x768,Intel Core i3 7100U 2.4GHz,4GB,4.0,1TB HDD,Intel HD Graphics 620,Windows 10,2.37,2.4,1366,768,0,0,Intel,Intel,21258.1872
HP,Notebook,15.6,1366x768,AMD E-Series 9000e 1.5GHz,4GB,4.0,500GB HDD,AMD Radeon R2,Windows 10,2.1,1.5,1366,768,0,0,AMD,AMD,17582.4
Lenovo,Gaming,15.6,IPS Panel Full HD 1920x1080,Intel Core i7 7700HQ 2.8GHz,16GB,16.0,256GB SSD +  1TB HDD,Nvidia GeForce GTX 1060,Windows 10,3.2,2.8,1920,1080,0,1,Intel,Nvidia,79866.72
Dell,Notebook,14.0,Full HD 1920x1080,Intel Core i5 7200U 2.5GHz,8GB,8.0,256GB SSD,Intel HD Graphics 620,Windows 10,1.6,2.5,1920,1080,0,0,Intel,Intel,45767.52
Acer,2 in 1 Convertible,13.3,IPS Panel Full HD / Touchscreen 1920x1080,Intel Core i5 6200U 2.3GHz,8GB,8.0,256GB SSD,Intel HD Graphics 520,Windows 10,1.6,2.3,1920,1080,1,1,Intel,Intel,36709.92
Dell,Notebook,15.6,Full HD 1920x1080,Intel Core i7 7500U 2.7GHz,16GB,16.0,256GB SSD,AMD Radeon R7 M445,Linux,2.36,2.7,1920,1080,0,0,Intel,AMD,47898.72
Acer,Notebook,15.6,1366x768,Intel Core i3 6006U 2GHz,4GB,4.0,1TB HDD,Intel HD Graphics 520,Linux,2.1,2.0,1366,768,0,0,Intel,Intel,20779.2
Asus,Notebook,15.6,Full HD 1920x1080,AMD A10-Series A10-9620P 2.5GHz,4GB,4.0,128GB SSD +  1TB HDD,AMD Radeon R5 M430,Windows 10,2.2,2.5,1920,1080,0,0,AMD,AMD,30636.0
Asus,Gaming,17.3,Full HD 1920x1080,Intel Core i7 7820HK 2.9GHz,32GB,32.0,512GB SSD +  1TB HDD,Nvidia GeForce GTX 1080,Windows 10,4.7,2.9,1920,1080,0,0,Intel,Nvidia,207259.2
Acer,Gaming,15.6,IPS Panel Full HD 1920x1080,Intel Core i5 7300HQ 2.5GHz,8GB,8.0,256GB SSD,Nvidia GeForce GTX 1050,Windows 10,2.5,2.5,1920,1080,0,1,Intel,Nvidia,45074.88
Lenovo,Notebook,15.6,1366x768,Intel Core i3 6006U 2GHz,8GB,8.0,128GB SSD,Intel HD Graphics 520,Windows 10,7.2,2.0,1366,768,0,0,Intel,Intel,31381.92
Asus,Notebook,17.3,Full HD 1920x1080,Intel Core i7 8550U 1.8GHz,8GB,8.0,128GB SSD +  1TB HDD,Nvidia GeForce 150MX,Windows 10,2.1,1.8,1920,1080,0,0,Intel,Nvidia,61005.6
Asus,Notebook,17.3,Full HD 1920x1080,Intel Core i7 7500U 2.7GHz,8GB,8.0,128GB SSD +  1TB HDD,Nvidia GeForce GTX 950M,No OS,2.69,2.7,1920,1080,0,0,Intel,Nvidia,47365.92
Dell,Gaming,15.6,Full HD 1920x1080,Intel Core i5 7300HQ 2.5GHz,8GB,8.0,256GB SSD,Nvidia GeForce GTX 1050,Windows 10,2.56,2.5,1920,1080,0,0,Intel,Nvidia,46833.12
Lenovo,2 in 1 Convertible,13.9,IPS Panel Full HD / Touchscreen 1920x1080,Intel Core i7 7500U 2.7GHz,8GB,8.0,256GB SSD,Intel HD Graphics 620,Windows 10,1.38,2.7,1920,1080,1,1,Intel,Intel,57489.12
Dell,Notebook,15.6,Full HD 1920x1080,Intel Core i7 8550U 1.8GHz,8GB,8.0,128GB SSD +  2TB HDD,AMD Radeon 530,Windows 10,2.2,1.8,1920,1080,0,0,Intel,AMD,52480.8
HP,Notebook,15.6,Touchscreen 1366x768,Intel Core i5 7200U 2.5GHz,8GB,8.0,1TB HDD,Intel HD Graphics 620,Windows 10,2.04,2.5,1366,768,1,0,Intel,Intel,29783.52
Asus,Gaming,17.3,Full HD 1920x1080,Intel Core i7 7820HK 2.9GHz,16GB,16.0,256GB SSD,Nvidia GeForce GTX 1080,Windows 10,3.6,2.9,1920,1080,0,0,Intel,Nvidia,159786.72
HP,Notebook,13.3,IPS Panel Full HD 1920x1080,Intel Core i5 8250U 1.6GHz,4GB,4.0,500GB HDD,Intel UHD Graphics 620,Windows 10,1.49,1.6,1920,1080,0,1,Intel,Intel,35964.0
Apple,Ultrabook,13.3,IPS Panel Retina Display 2560x1600,Intel Core i5 3.1GHz,8GB,8.0,512GB SSD,Intel Iris Plus Graphics 650,macOS,1.37,3.1,2560,1600,0,1,Intel,Intel,108691.2
Dell,2 in 1 Convertible,15.6,IPS Panel Full HD / Touchscreen 1920x1080,Intel Core i7 8550U 1.8GHz,8GB,8.0,1TB HDD,Intel UHD Graphics 620,Windows 10,2.08,1.8,1920,1080,1,1,Intel,Intel,43636.32
Asus,Gaming,17.3,Full HD 1920x1080,Intel Core i7 7700HQ 2.8GHz,16GB,16.0,256GB SSD +  1TB HDD,Nvidia GeForce GTX 980M,Windows 10,4.3,2.8,1920,1080,0,0,Intel,Nvidia,95850.72
Asus,Notebook,15.6,1366x768,AMD A9-Series 9420 3GHz,4GB,4.0,1TB HDD,AMD Radeon R5 M420,Windows 10,1.68,3.0,1366,768,0,0,AMD,AMD,24988.32
Lenovo,2 in 1 Convertible,13.9,IPS Panel Full HD / Touchscreen 1920x1080,Intel Core i7 8550U 1.8GHz,8GB,8.0,512GB SSD,Intel UHD Graphics 620,Windows 10,1.37,1.8,1920,1080,1,1,Intel,Intel,98514.72
Acer,Notebook,17.3,IPS Panel Full HD 1920x1080,Intel Core i3 7130U 2.7GHz,4GB,4.0,256GB SSD,Nvidia GeForce MX130,Windows 10,3.0,2.7,1920,1080,0,1,Intel,Nvidia,37402.56
Dell,Ultrabook,13.3,Full HD 1920x1080,Intel Core i5 8250U 1.6GHz,8GB,8.0,256GB SSD,Intel UHD Graphics 620,Windows 10,1.41,1.6,1920,1080,0,0,Intel,Intel,50562.72
HP,Notebook,15.6,1366x768,AMD A6-Series A6-9220 2.5GHz,8GB,8.0,128GB SSD,AMD Radeon R4 Graphics,Windows 10,1.91,2.5,1366,768,0,0,AMD,AMD,23757.552
HP,Notebook,17.3,IPS Panel Full HD 1920x1080,Intel Core i7 8550U 1.8GHz,16GB,16.0,1TB HDD,Nvidia GeForce MX150,Windows 10,2.9,1.8,1920,1080,0,1,Intel,Nvidia,56423.52
MSI,Gaming,17.3,Full HD 1920x1080,Intel Core i7 7700HQ 2.8GHz,16GB,16.0,512GB SSD +  1TB HDD,Nvidia GeForce GTX 1070,Windows 10,4.14,2.8,1920,1080,0,0,Intel,Nvidia,133146.72
Lenovo,2 in 1 Convertible,15.6,IPS Panel Full HD / Touchscreen 1920x1080,Intel Core i7 7700HQ 2.8GHz,8GB,8.0,512GB SSD,Nvidia GeForce GTX 1050M,Windows 10,2.0,2.8,1920,1080,1,1,Intel,Nvidia,90522.72
Dell,Notebook,17.3,Full HD 1920x1080,Intel Core i7 8550U 1.8GHz,8GB,8.0,128GB SSD +  1TB HDD,AMD Radeon 530,Windows 10,2.8,1.8,1920,1080,0,0,Intel,AMD,60845.76
Lenovo,Notebook,15.6,Full HD 1920x1080,Intel Core i3 6006U 2GHz,4GB,4.0,256GB SSD,Intel HD Graphics 520,No OS,2.2,2.0,1920,1080,0,0,Intel,Intel,23656.32
HP,Notebook,15.6,IPS Panel Full HD 1920x1080,Intel Core i5 8250U 1.6GHz,4GB,4.0,500GB HDD,Intel HD Graphics 620,Windows 10,2.1,1.6,1920,1080,0,1,Intel,Intel,38468.16
Dell,Notebook,15.6,Full HD 1920x1080,Intel Core i5 7200U 2.5GHz,4GB,4.0,1TB HDD,Intel HD Graphics 620,Windows 10,2.18,2.5,1920,1080,0,0,Intel,Intel,35004.96
Dell,Notebook,15.6,Full HD 1920x1080,Intel Core i5 7200U 2.5GHz,8GB,8.0,1TB HDD,AMD Radeon R5 M430,Windows 10,2.24,2.5,1920,1080,0,0,Intel,AMD,30103.2
Dell,2 in 1 Convertible,15.6,Full HD / Touchscreen 1920x1080,Intel Core i5 8250U 1.6GHz,8GB,8.0,256GB SSD,Intel UHD Graphics 620,Windows 10,2.67,1.6,1920,1080,1,0,Intel,Intel,42570.72
Asus,2 in 1 Convertible,13.3,Full HD / Touchscreen 1920x1080,Intel Core i7 8550U 1.8GHz,8GB,8.0,512GB SSD +  512GB SSD,Intel UHD Graphics 620,Windows 10,4.1,1.8,1920,1080,1,0,Intel,Intel,79866.72
HP,Notebook,17.3,Full HD 1920x1080,Intel Core i7 8550U 1.8GHz,8GB,8.0,1TB HDD,Nvidia GeForce 930MX ,Windows 10,2.5,1.8,1920,1080,0,0,Intel,Nvidia,54239.04
Lenovo,Notebook,15.6,Full HD 1920x1080,Intel Core i7 8550U 1.8GHz,8GB,8.0,256GB SSD,Intel UHD Graphics 620,Windows 10,2.05,1.8,1920,1080,0,0,Intel,Intel,46886.4
Apple,Ultrabook,13.3,IPS Panel Retina Display 2560x1600,Intel Core i5 2.9GHz,8GB,8.0,512GB SSD,Intel Iris Graphics 550,macOS,1.37,2.9,2560,1600,0,1,Intel,Intel,104370.192
Asus,Gaming,17.3,Full HD 1920x1080,AMD Ryzen 1700 3GHz,16GB,16.0,256GB SSD +  1TB HDD,AMD Radeon RX 580,Windows 10,3.2,3.0,1920,1080,0,0,AMD,AMD,82530.72
Dell,Notebook,15.6,Full HD 1920x1080,Intel Core i7 8550U 1.8GHz,8GB,8.0,256GB SSD,AMD Radeon 520,Linux,2.14,1.8,1920,1080,0,0,Intel,AMD,39164.5296
Lenovo,2 in 1 Convertible,14.0,Touchscreen 2560x1440,Intel Core i7 6600U 2.6GHz,16GB,16.0,512GB SSD,Intel HD Graphics 520,Windows 10,1.36,2.6,2560,1440,1,0,Intel,Intel,133146.72
Toshiba,Notebook,15.6,1366x768,Intel Core i7 6500U 2.5GHz,8GB,8.0,500GB HDD,Nvidia GeForce 930M,Windows 10,2.2,2.5,1366,768,0,0,Intel,Nvidia,43263.36
Dell,Notebook,15.6,1366x768,Intel Core i7 7500U 2.7GHz,12GB,12.0,1TB HDD,Intel HD Graphics 620,Windows 10,2.3,2.7,1366,768,0,0,Intel,Intel,37992.3696
Dell,Notebook,17.3,Full HD 1920x1080,Intel Core i7 8550U 1.8GHz,8GB,8.0,128GB SSD +  1TB HDD,AMD Radeon 530,Linux,2.8,1.8,1920,1080,0,0,Intel,AMD,58554.72
Acer,Notebook,15.6,IPS Panel Full HD 1920x1080,Intel Core i7 8550U 1.8GHz,8GB,8.0,1TB HDD,Nvidia GeForce MX130,Windows 10,2.2,1.8,1920,1080,0,1,Intel,Nvidia,39693.6
Lenovo,Notebook,17.3,1600x900,Intel Core i3 6006U 2GHz,4GB,4.0,1TB HDD,Intel HD Graphics 520,Windows 10,2.8,2.0,1600,900,0,0,Intel,Intel,26053.92
Lenovo,Notebook,17.3,Full HD 1920x1080,Intel Core i7 8550U 1.8GHz,8GB,8.0,2TB HDD,Nvidia GeForce MX150,No OS,2.8,1.8,1920,1080,0,0,Intel,Nvidia,45234.72
Lenovo,Notebook,17.3,1600x900,Intel Core i7 7500U 2.7GHz,6GB,6.0,128GB SSD +  1TB HDD,Nvidia GeForce 940MX,Windows 10,2.8,2.7,1600,900,0,0,Intel,Nvidia,45767.52
Dell,Notebook,15.6,Full HD 1920x1080,Intel Core i3 6006U 2.0GHz,4GB,4.0,1TB HDD,AMD Radeon R5 M430,Linux,2.25,2.0,1920,1080,0,0,Intel,AMD,22803.84
Lenovo,Gaming,15.6,IPS Panel Full HD 1920x1080,Intel Core i5 7300HQ 2.5GHz,8GB,8.0,256GB SSD,Nvidia GeForce GTX 1050,Windows 10,2.5,2.5,1920,1080,0,1,Intel,Nvidia,44169.12
Lenovo,Notebook,15.6,Full HD 1920x1080,Intel Core i5 7200U 2.5GHz,6GB,6.0,256GB SSD,Intel HD Graphics 620,Windows 10,2.2,2.5,1920,1080,0,0,Intel,Intel,30849.12
Acer,Notebook,15.6,IPS Panel Full HD 1920x1080,Intel Core i7 8550U 1.8GHz,8GB,8.0,256GB SSD,Nvidia GeForce MX150,Windows 10,3.0,1.8,1920,1080,0,1,Intel,Nvidia,50669.28
Acer,Notebook,15.6,IPS Panel Full HD / Touchscreen 1920x1080,Intel Core i7 7500U 2.7GHz,12GB,12.0,1TB HDD,Intel HD Graphics 620,Windows 10,2.15,2.7,1920,1080,1,1,Intel,Intel,35111.52
Lenovo,Notebook,15.6,IPS Panel Full HD 1920x1080,Intel Core i7 7500U 2.7GHz,8GB,8.0,256GB SSD,Intel HD Graphics 630,Windows 10,1.95,2.7,1920,1080,0,1,Intel,Intel,58448.16
Asus,Ultrabook,15.6,Full HD 1920x1080,Intel Core i5 7200U 2.5GHz,8GB,8.0,256GB SSD,Nvidia GeForce 940MX,Windows 10,1.7,2.5,1920,1080,0,0,Intel,Nvidia,52054.56
Lenovo,Gaming,15.6,IPS Panel Full HD 1920x1080,Intel Core i7 7700HQ 2.8GHz,16GB,16.0,256GB SSD +  1TB HDD,Nvidia GeForce GTX 1050 Ti,Windows 10,2.5,2.8,1920,1080,0,1,Intel,Nvidia,62817.12
Lenovo,Notebook,15.6,Full HD 1920x1080,Intel Core i7 7500U 2.7GHz,8GB,8.0,1TB HDD,Nvidia GeForce 940MX,No OS,2.2,2.7,1920,1080,0,0,Intel,Nvidia,35112.0528
Acer,Notebook,15.6,1366x768,Intel Celeron Dual Core 3205U 1.5GHz,2GB,2.0,16GB SSD,Intel HD Graphics,Chrome OS,2.19,1.5,1366,768,0,0,Intel,Intel,10602.72
Asus,Gaming,17.3,Full HD 1920x1080,Intel Core i7 7700HQ 2.8GHz,8GB,8.0,1TB HDD,Nvidia GeForce GTX 1050,Windows 10,3.0,2.8,1920,1080,0,0,Intel,Nvidia,63243.36
HP,Notebook,17.3,1600x900,Intel Core i3 6006U 2GHz,8GB,8.0,1TB HDD,Intel HD Graphics 520,Windows 10,2.54,2.0,1600,900,0,0,Intel,Intel,26053.92
Dell,Notebook,15.6,Full HD 1920x1080,Intel Core i7 7700HQ 2.8GHz,8GB,8.0,256GB SSD,Nvidia GeForce GTX 1050,Windows 10,2.0,2.8,1920,1080,0,0,Intel,Nvidia,97449.12
Lenovo,Notebook,15.6,Full HD 1920x1080,Intel Core i5 8250U 1.6GHz,8GB,8.0,256GB SSD,Intel UHD Graphics 620,Windows 10,2.05,1.6,1920,1080,0,0,Intel,Intel,39373.92
Lenovo,Gaming,15.6,IPS Panel Full HD 1920x1080,Intel Core i7 7700HQ 2.8GHz,8GB,8.0,1TB HDD,Nvidia GeForce GTX 1060,Windows 10,3.2,2.8,1920,1080,0,1,Intel,Nvidia,69210.72
Acer,Notebook,15.6,Full HD 1920x1080,Intel Core i7 7700HQ 2.8GHz,8GB,8.0,256GB SSD,Nvidia GeForce GTX 1050 Ti,Linux,2.5,2.8,1920,1080,0,0,Intel,Nvidia,52161.12
Dell,Workstation,17.3,Full HD 1920x1080,Intel Core i7 7820HQ 2.9GHz,16GB,16.0,256GB SSD,Nvidia Quadro M1200,Windows 10,3.42,2.9,1920,1080,0,0,Intel,Nvidia,153705.3408
Lenovo,Notebook,15.6,Full HD 1920x1080,AMD A10-Series 9600P 2.4GHz,6GB,6.0,1TB HDD,AMD Radeon R5 430,Windows 10,2.4,2.4,1920,1080,0,0,AMD,AMD,26586.72
Asus,Ultrabook,15.6,Full HD 1920x1080,Intel Core i7 7500U 2.7GHz,16GB,16.0,512GB SSD,Nvidia GeForce 940MX,Windows 10,1.63,2.7,1920,1080,0,0,Intel,Nvidia,78215.04
Asus,Notebook,14.0,1366x768,Intel Core i3 7100U 2.4GHz,4GB,4.0,128GB SSD,Intel HD Graphics 620,Windows 10,1.3,2.4,1366,768,0,0,Intel,Intel,27119.52
Asus,Gaming,17.3,Full HD 1920x1080,Intel Core i7 7700HQ 2.8GHz,16GB,16.0,256GB SSD +  1TB HDD,Nvidia GeForce GTX 1070,Windows 10,2.9,2.8,1920,1080,0,0,Intel,Nvidia,113060.16
Lenovo,Notebook,17.3,1600x900,Intel Core i5 7200U 2.5GHz,6GB,6.0,1TB HDD,Nvidia GeForce GTX 940M,Windows 10,5.8,2.5,1600,900,0,0,Intel,Nvidia,34578.72
Lenovo,Notebook,15.6,1366x768,Intel Core i5 7200U 2.5GHz,8GB,8.0,2TB HDD,Nvidia GeForce 940MX,No OS,2.2,2.5,1366,768,0,0,Intel,Nvidia,29250.72
Asus,Gaming,15.6,Full HD 1920x1080,Intel Core i7 7700HQ 2.8GHz,8GB,8.0,128GB SSD +  1TB HDD,Nvidia GeForce GTX 1050 Ti,Windows 10,2.5,2.8,1920,1080,0,0,Intel,Nvidia,67399.2
Lenovo,Notebook,15.6,1366x768,Intel Pentium Quad Core N4200 1.1GHz,4GB,4.0,1TB HDD,Intel HD Graphics 505,No OS,2.2,1.1,1366,768,0,0,Intel,Intel,19180.2672
HP,2 in 1 Convertible,13.3,Full HD / Touchscreen 1920x1080,Intel Core i7 7600U 2.8GHz,16GB,16.0,256GB SSD,Intel HD Graphics 620,Windows 10,1.28,2.8,1920,1080,1,0,Intel,Intel,105228.0
Toshiba,Notebook,15.6,IPS Panel Full HD 1920x1080,Intel Core i7 6500U 2.5GHz,8GB,8.0,256GB SSD,Nvidia GeForce 930M,Windows 10,2.2,2.5,1920,1080,0,1,Intel,Nvidia,55571.04
Lenovo,Notebook,15.6,Full HD 1920x1080,Intel Core i5 7200U 2.5GHz,8GB,8.0,128GB SSD +  1TB HDD,Nvidia GeForce 940MX,Windows 10,2.3,2.5,1920,1080,0,0,Intel,Nvidia,43636.32
HP,Notebook,15.6,Full HD 1920x1080,Intel Core i3 6006U 2GHz,4GB,4.0,1TB HDD,Intel HD Graphics 520,Windows 10,1.86,2.0,1920,1080,0,0,Intel,Intel,24988.32
Lenovo,Notebook,13.3,IPS Panel Full HD 1920x1080,Intel Core i5 7200U 2.5GHz,8GB,8.0,256GB SSD,Intel HD Graphics 620,Windows 10,1.1,2.5,1920,1080,0,1,Intel,Intel,53226.72
Dell,Ultrabook,13.3,IPS Panel 4K Ultra HD / Touchscreen 3840x2160,Intel Core i7 8550U 1.8GHz,16GB,16.0,1TB SSD,Intel UHD Graphics 620,Windows 10,1.21,1.8,3840,2160,1,1,Intel,Intel,133146.72
MSI,Gaming,15.6,IPS Panel Full HD 1920x1080,Intel Core i7 7700HQ 2.8GHz,16GB,16.0,256GB SSD +  1TB HDD,Nvidia GeForce GTX 1070,Windows 10,2.8,2.8,1920,1080,0,1,Intel,Nvidia,111834.72
Acer,Notebook,15.6,Full HD 1920x1080,AMD A8-Series 7410 2.2GHz,8GB,8.0,256GB SSD,AMD Radeon R5,Windows 10,2.23,2.2,1920,1080,0,0,AMD,AMD,24988.32
Asus,2 in 1 Convertible,11.6,Touchscreen 1366x768,Intel Celeron Dual Core N3350 1.1GHz,2GB,2.0,32GB Flash Storage,Intel HD Graphics 500,Windows 10,1.1,1.1,1366,768,1,0,Intel,Intel,14652.0
Dell,Notebook,15.6,Full HD 1920x1080,Intel Core i5 8250U 1.6GHz,8GB,8.0,128GB SSD +  1TB HDD,AMD Radeon 530,Windows 10,2.33,1.6,1920,1080,0,0,Intel,AMD,44968.32
HP,2 in 1 Convertible,13.3,IPS Panel 4K Ultra HD / Touchscreen 3840x2160,Intel Core i7 8550U 1.8GHz,16GB,16.0,1TB SSD,Intel UHD Graphics 620,Windows 10,1.29,1.8,3840,2160,1,1,Intel,Intel,130482.72
Lenovo,Notebook,13.3,1366x768,Intel Celeron Dual Core 3855U 1.6GHz,4GB,4.0,16GB Flash Storage,Intel HD Graphics 510,Chrome OS,1.45,1.6,1366,768,0,0,Intel,Intel,24503.472
HP,Notebook,14.0,Full HD 1920x1080,Intel Core i5 7200U 2.5GHz,8GB,8.0,256GB SSD,Intel HD Graphics 620,Windows 10,1.95,2.5,1920,1080,0,0,Intel,Intel,52214.4
Acer,Notebook,11.6,1366x768,Intel Pentium Quad Core N3710 1.6GHz,4GB,4.0,128GB Flash Storage,Intel HD Graphics 405,Windows 10,1.4,1.6,1366,768,0,0,Intel,Intel,25840.8
HP,Notebook,14.0,Full HD 1920x1080,Intel Core i7 7500U 2.7GHz,8GB,8.0,256GB SSD,Intel HD Graphics 620,Windows 10,1.48,2.7,1920,1080,0,0,Intel,Intel,68837.76
Lenovo,Notebook,17.3,1600x900,Intel Core i5 7200U 2.5GHz,4GB,4.0,1TB HDD,Nvidia GeForce 920MX,Windows 10,2.79,2.5,1600,900,0,0,Intel,Nvidia,31381.92
Asus,Notebook,14.0,Full HD 1920x1080,Intel Core i7 7500U 2.7GHz,8GB,8.0,256GB SSD,Intel HD Graphics 620,Windows 10,2.0,2.7,1920,1080,0,0,Intel,Intel,58288.32
HP,Notebook,15.6,IPS Panel Full HD 1366x768,Intel Core i7 8550U 1.8GHz,8GB,8.0,1TB HDD,Intel UHD Graphics 620,Windows 10,2.1,1.8,1366,768,0,1,Intel,Intel,48058.56
Acer,Notebook,15.6,1366x768,AMD A12-Series 9720P 2.7GHz,8GB,8.0,256GB SSD,AMD Radeon RX 540,Windows 10,2.2,2.7,1366,768,0,0,AMD,AMD,35111.52
Lenovo,Notebook,14.0,1366x768,Intel Celeron Dual Core N3350 1.1GHz,4GB,4.0,32GB Flash Storage,Intel HD Graphics 500,Windows 10,1.44,1.1,1366,768,0,0,Intel,Intel,15557.76
Acer,Notebook,15.6,1366x768,Intel Core i5 7200U 2.5GHz,6GB,6.0,1TB HDD,Intel HD Graphics 620,Windows 10,8.23,2.5,1366,768,0,0,Intel,Intel,29250.72
Asus,Ultrabook,15.6,Full HD 1920x1080,Intel Core i7 7500U 2.7GHz,8GB,8.0,256GB SSD,Nvidia GeForce 940MX,Windows 10,1.7,2.7,1920,1080,0,0,Intel,Nvidia,55938.672
HP,Ultrabook,12.5,Full HD 1920x1080,Intel Core i7 7500U 2.7GHz,8GB,8.0,256GB SSD,Intel HD Graphics 620,Windows 10,1.26,2.7,1920,1080,0,0,Intel,Intel,71128.8
Dell,Notebook,15.6,4K Ultra HD / Touchscreen 3840x2160,Intel Core i7 7700HQ 2.8GHz,32GB,32.0,1TB SSD,Nvidia GeForce GTX 1050,Windows 10,2.06,2.8,3840,2160,1,0,Intel,Nvidia,140605.92
MSI,Gaming,17.3,Full HD 1920x1080,Intel Core i7 7700HQ 2.8GHz,8GB,8.0,256GB SSD +  1TB HDD,Nvidia GeForce GTX 1050 Ti,Windows 10,2.7,2.8,1920,1080,0,0,Intel,Nvidia,63882.72
Toshiba,Notebook,15.6,IPS Panel Full HD 1920x1080,Intel Core i5 7200U 2.5GHz,8GB,8.0,256GB SSD,Intel HD Graphics 620,Windows 10,2.0,2.5,1920,1080,0,1,Intel,Intel,50243.04
Asus,Notebook,14.0,Full HD 1920x1080,Intel Core i7 7500U 2.7GHz,8GB,8.0,256GB SSD +  1TB HDD,Intel HD Graphics 620,Windows 10,2.0,2.7,1920,1080,0,0,Intel,Intel,71075.52
Lenovo,Notebook,15.6,Full HD 1920x1080,Intel Core i3 6006U 2GHz,4GB,4.0,1TB HDD,Intel HD Graphics 520,Windows 10,1.85,2.0,1920,1080,0,0,Intel,Intel,23922.72
Asus,Gaming,15.6,Full HD 1920x1080,Intel Core i7 7700HQ 2.8GHz,8GB,8.0,256GB SSD,Nvidia GeForce GTX 1050,Windows 10,2.5,2.8,1920,1080,0,0,Intel,Nvidia,53226.72
HP,Notebook,14.0,Full HD 1920x1080,Intel Core i5 7300U 2.6GHz,8GB,8.0,256GB SSD,Intel HD Graphics 620,Windows 10,1.48,2.6,1920,1080,0,0,Intel,Intel,67559.04
HP,Notebook,15.6,Full HD 1920x1080,Intel Core i5 7200U 2.5GHz,8GB,8.0,256GB SSD,Intel HD Graphics 620,Windows 10,1.84,2.5,1920,1080,0,0,Intel,Intel,60952.32
Asus,Notebook,15.6,1366x768,Intel Celeron Dual Core N3350 1.1GHz,4GB,4.0,1TB HDD,Intel HD Graphics 500,Linux,2.0,1.1,1366,768,0,0,Intel,Intel,14651.4672
Dell,Notebook,15.6,Full HD 1920x1080,Intel Core i5 8250U 1.6GHz,8GB,8.0,256GB SSD,Nvidia GeForce 940MX,Windows 10,2.0,1.6,1920,1080,0,0,Intel,Nvidia,60885.72
Dell,Notebook,15.6,1366x768,Intel Celeron Dual Core N3060 1.6GHz,4GB,4.0,500GB HDD,Intel HD Graphics,Linux,2.2,1.6,1366,768,0,0,Intel,Intel,14646.672
Lenovo,Notebook,15.6,Full HD 1920x1080,AMD A12-Series 9720P 3.6GHz,12GB,12.0,2TB HDD,AMD Radeon 530,Windows 10,2.2,3.6,1920,1080,0,0,AMD,AMD,47898.72
HP,Notebook,15.6,IPS Panel Full HD 1920x1080,Intel Core i3 7100U 2.4GHz,8GB,8.0,1TB HDD,Nvidia GeForce 930MX ,Windows 10,2.1,2.4,1920,1080,0,1,Intel,Nvidia,38148.48
Lenovo,2 in 1 Convertible,13.9,IPS Panel 4K Ultra HD / Touchscreen 3840x2160,Intel Core i7 8550U 1.8GHz,16GB,16.0,512GB SSD,Intel UHD Graphics 620,Windows 10,1.4,1.8,3840,2160,1,1,Intel,Intel,111834.72
Dell,Ultrabook,13.3,Full HD 1920x1080,Intel Core i7 8550U 1.8GHz,8GB,8.0,256GB SSD,Intel UHD Graphics 620,Windows 10,1.2,1.8,1920,1080,0,0,Intel,Intel,84129.12
Lenovo,Gaming,15.6,IPS Panel Full HD 1920x1080,Intel Core i7 7700HQ 2.8GHz,16GB,16.0,256GB SSD +  2TB HDD,Nvidia GeForce GTX 1050 Ti,Windows 10,2.4,2.8,1920,1080,0,1,Intel,Nvidia,60153.12
HP,Notebook,14.0,1366x768,Intel Celeron Dual Core N3060 1.6GHz,2GB,2.0,32GB Flash Storage,Intel HD Graphics 400,Windows 10,1.44,1.6,1366,768,0,0,Intel,Intel,14865.12
Dell,Ultrabook,15.6,Full HD 1920x1080,Intel Core i7 8650U 1.9GHz,16GB,16.0,512GB SSD +  256GB SSD,Intel UHD Graphics 620,Windows 10,1.88,1.9,1920,1080,0,0,Intel,Intel,85672.1088
Asus,2 in 1 Convertible,11.6,Touchscreen 1366x768,Intel Celeron Dual Core N3350 1.1GHz,4GB,4.0,32GB Flash Storage,Intel HD Graphics 500,Windows 10,1.5,1.1,1366,768,1,0,Intel,Intel,19980.0
Dell,Ultrabook,15.6,Full HD 1920x1080,Intel Core i5 8250U 1.6GHz,8GB,8.0,1TB HDD,AMD Radeon 530,Windows 10,2.04,1.6,1920,1080,0,0,Intel,AMD,35324.64
HP,Notebook,15.6,Full HD 1920x1080,Intel Core i7 7500U 2.7GHz,8GB,8.0,256GB SSD,Intel HD Graphics 620,Windows 10,1.84,2.7,1920,1080,0,0,Intel,Intel,69477.12
MSI,Gaming,17.3,Full HD 1920x1080,Intel Core i7 7700HQ 2.8GHz,8GB,8.0,128GB SSD +  1TB HDD,Nvidia GeForce GTX 1060,Windows 10,2.7,2.8,1920,1080,0,0,Intel,Nvidia,75071.52
HP,Workstation,15.6,Full HD 1920x1080,Intel Core i7 7700HQ 2.8GHz,8GB,8.0,256GB SSD,Nvidia Quadro M1200,Windows 10,2.6,2.8,1920,1080,0,0,Intel,Nvidia,92615.0256
Toshiba,Notebook,15.6,IPS Panel Full HD 1920x1080,Intel Core i7 6500U 2.5GHz,16GB,16.0,512GB SSD,Nvidia GeForce 930M,Windows 10,2.4,2.5,1920,1080,0,1,Intel,Nvidia,74751.84
Dell,Notebook,15.6,Full HD 1920x1080,Intel Core i7 8550U 1.8GHz,8GB,8.0,128GB SSD +  2TB HDD,AMD Radeon 530,Windows 10,2.02,1.8,1920,1080,0,0,Intel,AMD,51729.552
Lenovo,Notebook,15.6,1366x768,Intel Celeron Dual Core N3350 1.1GHz,4GB,4.0,1TB HDD,Intel HD Graphics 500,No OS,2.2,1.1,1366,768,0,0,Intel,Intel,17155.6272
Dell,Gaming,15.6,Full HD 1920x1080,Intel Core i5 7300HQ 2.5GHz,8GB,8.0,1TB HDD,Nvidia GeForce GTX 1050,Windows 10,2.65,2.5,1920,1080,0,0,Intel,Nvidia,53226.72
Dell,Notebook,15.6,Touchscreen 1366x768,Intel Core i5 7200U 2.5GHz,8GB,8.0,2TB HDD,Intel HD Graphics 620,Windows 10,2.36,2.5,1366,768,1,0,Intel,Intel,29696.6736
Dell,Notebook,14.0,Full HD 1920x1080,Intel Core i5 7300U 2.6GHz,8GB,8.0,256GB SSD,Intel HD Graphics 620,Windows 10,1.36,2.6,1920,1080,0,0,Intel,Intel,76030.56
HP,Notebook,15.6,1366x768,Intel Core i3 6006U 2GHz,4GB,4.0,500GB HDD,Intel HD Graphics 520,Windows 10,1.86,2.0,1366,768,0,0,Intel,Intel,23389.92
Asus,Notebook,14.0,Full HD 1920x1080,Intel Core i5 7200U 2.5GHz,8GB,8.0,256GB SSD,Intel HD Graphics 620,Windows 10,2.0,2.5,1920,1080,0,0,Intel,Intel,50349.6
Lenovo,Notebook,17.3,1600x900,Intel Core i5 7200U 2.5GHz,6GB,6.0,128GB SSD +  1TB HDD,Nvidia GeForce GTX 940MX,Windows 10,2.8,2.5,1600,900,0,0,Intel,Nvidia,38308.32
HP,Notebook,15.6,Full HD 1920x1080,Intel Core i5 7200U 2.5GHz,8GB,8.0,1TB HDD,Intel HD Graphics 620,Windows 10,1.86,2.5,1920,1080,0,0,Intel,Intel,34045.92
Lenovo,Notebook,15.6,1366x768,Intel Core i3 6006U 2GHz,8GB,8.0,256GB SSD,Nvidia GeForce 920MX ,No OS,2.2,2.0,1366,768,0,0,Intel,Nvidia,26586.72
HP,Notebook,15.6,1366x768,Intel Pentium Quad Core N3710 1.6GHz,8GB,8.0,2TB HDD,Intel HD Graphics 405,Windows 10,2.04,1.6,1366,768,0,0,Intel,Intel,20725.92
Dell,Notebook,17.3,Full HD 1920x1080,Intel Core i5 8250U 1.6GHz,8GB,8.0,128GB SSD +  1TB HDD,AMD Radeon 530,Windows 10,2.8,1.6,1920,1080,0,0,Intel,AMD,57808.8
Lenovo,Gaming,15.6,IPS Panel Full HD 1920x1080,Intel Core i5 7300HQ 2.5GHz,8GB,8.0,128GB SSD +  1TB HDD,Nvidia GeForce GTX 1050,No OS,2.4,2.5,1920,1080,0,1,Intel,Nvidia,43103.52
Dell,Notebook,15.6,Full HD 1920x1080,Intel Core i7 7500U 2.7GHz,8GB,8.0,256GB SSD,AMD Radeon R7 M445,Windows 10,2.33,2.7,1920,1080,0,0,Intel,AMD,47898.72
HP,Ultrabook,14.0,IPS Panel Full HD 1920x1080,Intel Core i7 7500U 2.7GHz,8GB,8.0,256GB SSD,Intel HD Graphics 620,Windows 10,1.36,2.7,1920,1080,0,1,Intel,Intel,93240.0
Asus,2 in 1 Convertible,15.6,Full HD / Touchscreen 1920x1080,Intel Core i7 7500U 2.7GHz,12GB,12.0,512GB SSD +  2TB HDD,Nvidia GeForce GT 940MX,Windows 10,2.26,2.7,1920,1080,1,0,Intel,Nvidia,58554.72
Acer,Notebook,15.6,1366x768,AMD A9-Series 9420 3GHz,4GB,4.0,128GB SSD,AMD Radeon R5,Windows 10,2.1,3.0,1366,768,0,0,AMD,AMD,22697.28
Asus,Gaming,17.3,IPS Panel Full HD 1920x1080,AMD Ryzen 1700 3GHz,16GB,16.0,256GB SSD +  1TB HDD,AMD Radeon RX 580,Windows 10,3.25,3.0,1920,1080,0,1,AMD,AMD,117162.72
Lenovo,Notebook,17.3,1600x900,AMD A8-Series 7410 2.2GHz,4GB,4.0,128GB SSD,AMD Radeon R5,Windows 10,2.6,2.2,1600,900,0,0,AMD,AMD,26053.92
Dell,2 in 1 Convertible,13.3,Full HD / Touchscreen 1920x1080,Intel Core i7 8550U 1.8GHz,8GB,8.0,256GB SSD,Intel UHD Graphics 620,Windows 10,1.62,1.8,1920,1080,1,0,Intel,Intel,46300.8528
HP,Notebook,15.6,Full HD 1920x1080,AMD A9-Series 9420 3GHz,4GB,4.0,256GB SSD,AMD Radeon R5,Windows 10,1.91,3.0,1920,1080,0,0,AMD,AMD,26053.3872
Lenovo,Netbook,11.6,IPS Panel 1366x768,Intel Celeron Quad Core N3450 1.1GHz,4GB,4.0,128GB SSD,Intel HD Graphics 500,Windows 10,1.59,1.1,1366,768,0,1,Intel,Intel,29463.84
Dell,Notebook,15.6,1366x768,Intel Celeron Dual Core N3060 1.60GHz,4GB,4.0,500GB HDD,Intel HD Graphics 400,Windows 10,1.8,1.6,1366,768,0,0,Intel,Intel,16463.52
Asus,Notebook,14.0,1366x768,Intel Celeron Dual Core N3350 1.1GHz,4GB,4.0,32GB Flash Storage,Intel HD Graphics 500,Windows 10,1.5,1.1,1366,768,0,0,Intel,Intel,15238.08
Acer,Notebook,15.6,Full HD 1920x1080,Intel Core i7 7700HQ 2.8GHz,8GB,8.0,1TB HDD,Nvidia GeForce GTX 1050,Linux,2.4,2.8,1920,1080,0,0,Intel,Nvidia,45074.88
HP,Gaming,17.3,IPS Panel Full HD 1920x1080,Intel Core i7 7700HQ 2.8GHz,8GB,8.0,128GB SSD +  1TB HDD,Nvidia GeForce GTX 1050,Windows 10,3.35,2.8,1920,1080,0,1,Intel,Nvidia,63456.48
Lenovo,Notebook,15.6,Full HD 1920x1080,Intel Core i3 6006U 2GHz,4GB,4.0,128GB SSD,Intel HD Graphics 520,No OS,1.85,2.0,1920,1080,0,0,Intel,Intel,21498.48
Asus,Gaming,15.6,IPS Panel Full HD 1920x1080,Intel Core i7 7700HQ 2.8GHz,8GB,8.0,128GB SSD +  1TB HDD,Nvidia GeForce GTX 1060,Windows 10,2.3,2.8,1920,1080,0,1,Intel,Nvidia,88178.4
Lenovo,Notebook,14.0,IPS Panel Full HD 1920x1080,Intel Core i5 7200U 2.5GHz,8GB,8.0,256GB SSD,Nvidia GeForce 940MX,Windows 10,1.5,2.5,1920,1080,0,1,Intel,Nvidia,58554.72
Asus,Ultrabook,13.3,Full HD / Touchscreen 1920x1080,Intel Core i7 7500U 2.7GHz,16GB,16.0,512GB SSD,Intel HD Graphics 620,Windows 10,1.1,2.7,1920,1080,1,0,Intel,Intel,93181.392
Lenovo,Ultrabook,14.0,IPS Panel 2560x1440,Intel Core i7 7500U 2.7GHz,8GB,8.0,512GB SSD,Intel HD Graphics 620,Windows 10,1.13,2.7,2560,1440,0,1,Intel,Intel,121584.96
Lenovo,Notebook,13.3,IPS Panel Full HD 1920x1080,Intel Core i3 7100U 2.4GHz,4GB,4.0,128GB SSD,Intel HD Graphics 620,Windows 10,1.5,2.4,1920,1080,0,1,Intel,Intel,29250.72
Dell,Workstation,15.6,Full HD 1920x1080,Intel Core i5 6440HQ 2.6GHz,8GB,8.0,500GB HDD,AMD FirePro W5130M,Windows 10,2.23,2.6,1920,1080,0,0,Intel,AMD,72940.32
Dell,Workstation,15.6,IPS Panel Full HD 1920x1080,Intel Core i7 6820HQ 2.7GHz,8GB,8.0,256GB SSD,Nvidia Quadro M1200,Windows 10,2.0,2.7,1920,1080,0,1,Intel,Nvidia,113752.8
Lenovo,2 in 1 Convertible,14.0,Touchscreen 2560x1440,Intel Core i7 7500U 2.7GHz,16GB,16.0,512GB SSD,Intel HD Graphics 620,Windows 10,1.42,2.7,2560,1440,1,0,Intel,Intel,133679.52
Asus,Gaming,17.3,Full HD 1920x1080,Intel Core i7 7700HQ 2.8GHz,8GB,8.0,1TB HDD,Nvidia GeForce GTX 1050,Windows 10,3.0,2.8,1920,1080,0,0,Intel,Nvidia,55357.92
Asus,Gaming,17.3,Full HD 1920x1080,Intel Core i7 7700HQ 2.8GHz,16GB,16.0,256GB SSD +  1TB HDD,Nvidia GeForce GTX 1050 Ti,Windows 10,3.0,2.8,1920,1080,0,0,Intel,Nvidia,84768.48
Acer,Notebook,15.6,IPS Panel 1366x768,Intel Core i5 8250U 1.6GHz,12GB,12.0,1TB HDD,Nvidia GeForce MX130,Windows 10,2.2,1.6,1366,768,0,1,Intel,Nvidia,36975.7872
MSI,Gaming,17.3,Full HD 1920x1080,Intel Core i7 7700HQ 2.8GHz,8GB,8.0,256GB SSD,Nvidia GeForce GTX 1050 Ti,Windows 10,2.7,2.8,1920,1080,0,0,Intel,Nvidia,71874.72
Dell,Notebook,15.6,Full HD 1920x1080,Intel Core i7 7500U 2.7GHz,8GB,8.0,256GB SSD,AMD Radeon R7 M445,Linux,2.33,2.7,1920,1080,0,0,Intel,AMD,41498.1936
HP,Ultrabook,15.6,Full HD 1920x1080,AMD A9-Series 9420 3GHz,4GB,4.0,256GB SSD,AMD Radeon 520,Windows 10,1.91,3.0,1920,1080,0,0,AMD,AMD,26586.72
Lenovo,Notebook,15.6,IPS Panel Full HD 1920x1080,Intel Core i7 8550U 1.8GHz,8GB,8.0,256GB SSD,AMD Radeon RX 550,Windows 10,2.1,1.8,1920,1080,0,1,Intel,AMD,65510.9568
Lenovo,Notebook,14.0,IPS Panel Full HD 1920x1080,Intel Core i5 7200U 2.5GHz,8GB,8.0,256GB SSD,Intel HD Graphics 620,Windows 10,1.9,2.5,1920,1080,0,1,Intel,Intel,49976.64
Dell,Workstation,15.6,4K Ultra HD / Touchscreen 3840x2160,Intel Core i7 7700HQ 2.8GHz,8GB,8.0,256GB SSD,Nvidia Quadro M1200,Windows 10,1.78,2.8,3840,2160,1,0,Intel,Nvidia,144495.36
Lenovo,Ultrabook,14.0,IPS Panel 2560x1440,Intel Core i7 7500U 2.7GHz,16GB,16.0,1TB SSD,Intel HD Graphics 620,Windows 10,1.13,2.7,2560,1440,0,1,Intel,Intel,139860.0
Lenovo,Notebook,15.6,1366x768,Intel Celeron Dual Core N3350 1.1GHz,4GB,4.0,1TB HDD,Intel HD Graphics 500,Windows 10,2.2,1.1,1366,768,0,0,Intel,Intel,16303.68
Asus,Gaming,17.3,Full HD 1920x1080,Intel Core i7 7700HQ 2.8GHz,16GB,16.0,256GB SSD +  1TB HDD,Nvidia GeForce GTX 1050,Windows 10,2.9,2.8,1920,1080,0,0,Intel,Nvidia,81465.12
Lenovo,Notebook,25.6,IPS Panel Full HD 1920x1080,Intel Core i5 8250U 1.6GHz,8GB,8.0,256GB SSD +  1TB HDD,AMD Radeon RX 550,Windows 10,2.1,1.6,1920,1080,0,1,Intel,AMD,60978.96
Acer,Notebook,15.6,Full HD 1920x1080,Intel Core i7 7700HQ 2.8GHz,8GB,8.0,256GB SSD,Nvidia GeForce GTX 1050,Linux,2.5,2.8,1920,1080,0,0,Intel,Nvidia,46833.12
MSI,Gaming,17.3,Full HD 1920x1080,Intel Core i7 7700HQ 2.8GHz,16GB,16.0,256GB SSD +  1TB HDD,Nvidia GeForce GTX 1070,Windows 10,2.8,2.8,1920,1080,0,0,Intel,Nvidia,119826.72
Asus,Ultrabook,14.0,Full HD 1920x1080,Intel Core i7 7500U 2.7GHz,8GB,8.0,512GB SSD,Intel HD Graphics 620,Windows 10,1.1,2.7,1920,1080,0,0,Intel,Intel,99793.44
Toshiba,Ultrabook,13.3,Full HD 1920x1080,Intel Core i7 6500U 2.5GHz,16GB,16.0,512GB SSD,Intel HD Graphics 520,Windows 10,1.2,2.5,1920,1080,0,0,Intel,Intel,93080.16
Dell,Ultrabook,14.0,Full HD 1920x1080,Intel Core i7 7600U 2.8GHz,8GB,8.0,512GB SSD,Intel HD Graphics,Windows 10,1.36,2.8,1920,1080,0,0,Intel,Intel,89510.4
Lenovo,Notebook,35.6,Full HD 1920x1080,Intel Core i3 6006U 2GHz,4GB,4.0,500GB HDD,Intel HD Graphics 520,Windows 10,2.2,2.0,1920,1080,0,0,Intel,Intel,21791.52
Lenovo,Notebook,11.6,1366x768,Intel Celeron Dual Core N3350 1.1GHz,2GB,2.0,32GB Flash Storage,Intel HD Graphics 500,Windows 10,1.15,1.1,1366,768,0,0,Intel,Intel,16221.096
Lenovo,Workstation,15.6,Full HD 1920x1080,Intel Core i7 7700HQ 2.8GHz,8GB,8.0,512GB SSD,Nvidia Quadro M1200,Windows 10,2.67,2.8,1920,1080,0,0,Intel,Nvidia,102564.0
Lenovo,Ultrabook,14.0,IPS Panel Full HD 2560x1440,Intel Core i7 7700HQ 2.8GHz,8GB,8.0,512GB SSD,Nvidia GeForce GT 940MX,Windows 10,1.7,2.8,2560,1440,0,1,Intel,Nvidia,103523.04
HP,Notebook,15.6,Full HD 1920x1080,Intel Core i3 6006U 2GHz,4GB,4.0,1TB HDD,AMD Radeon 520,Windows 10,2.1,2.0,1920,1080,0,0,Intel,AMD,24988.32
Acer,2 in 1 Convertible,13.3,IPS Panel Full HD / Touchscreen 1920x1080,Intel Core i7 6500U 2.5GHz,8GB,8.0,256GB SSD,Intel HD Graphics 520,Windows 10,1.6,2.5,1920,1080,1,1,Intel,Intel,42038.4528
Asus,2 in 1 Convertible,13.3,IPS Panel Full HD / Touchscreen 1920x1080,Intel Core i5 7200U 2.5GHz,8GB,8.0,256GB SSD,Intel HD Graphics 620,Windows 10,1.27,2.5,1920,1080,1,1,Intel,Intel,49443.84
Dell,Notebook,15.6,Full HD 1920x1080,Intel Core i5 7200U 2.5GHz,4GB,4.0,256GB SSD,AMD Radeon R5 M430,Linux,2.3,2.5,1920,1080,0,0,Intel,AMD,31909.392
Dell,Notebook,13.3,1366x768,Intel Core i3 6006U 2GHz,4GB,4.0,128GB SSD,Intel HD Graphics 520,Windows 10,1.65,2.0,1366,768,0,0,Intel,Intel,36709.92
HP,Ultrabook,14.0,Full HD 1920x1080,Intel Core i7 6500U 2.5GHz,8GB,8.0,256GB SSD,Intel HD Graphics 520,Windows 10,1.43,2.5,1920,1080,0,0,Intel,Intel,79920.0
Dell,Notebook,15.6,1366x768,Intel Core i5 7200U 2.5GHz,8GB,8.0,1TB HDD,Intel HD Graphics 620,Windows 10,2.14,2.5,1366,768,0,0,Intel,Intel,28768.536
Lenovo,Ultrabook,14.0,IPS Panel Full HD 1920x1080,Intel Core i7 8550U 1.8GHz,8GB,8.0,256GB SSD,AMD Radeon RX 550,Windows 10,1.75,1.8,1920,1080,0,1,Intel,AMD,64755.4464
Lenovo,2 in 1 Convertible,15.6,IPS Panel 4K Ultra HD / Touchscreen 3840x2160,Intel Core i7 7700HQ 2.8GHz,16GB,16.0,512GB SSD,Nvidia GeForce GTX 1050,Windows 10,2.0,2.8,3840,2160,1,1,Intel,Nvidia,101178.72
Chuwi,Notebook,12.3,IPS Panel Retina Display 2736x1824,Intel Celeron Quad Core N3450 1.1GHz,6GB,6.0,64GB Flash Storage,Intel HD Graphics 500,Windows 10,1.4,1.1,2736,1824,0,1,Intel,Intel,23922.72
HP,Notebook,15.6,Full HD 1920x1080,Intel Core i7 7820HQ 2.9GHz,8GB,8.0,256GB SSD,Intel HD Graphics 630,Windows 10,2.31,2.9,1920,1080,0,0,Intel,Intel,76030.56
Asus,Notebook,35.6,Full HD 1920x1080,Intel Core i3 7100U 2.4GHz,8GB,8.0,1TB HDD,Nvidia GeForce 940MX,Linux,2.3,2.4,1920,1080,0,0,Intel,Nvidia,31808.16
Dell,Gaming,27.3,IPS Panel 2560x1440,Intel Core i7 7820HK 2.9GHz,16GB,16.0,256GB SSD +  1TB HDD,Nvidia GeForce GTX 1070,Windows 10,4.42,2.9,2560,1440,0,1,Intel,Nvidia,149130.72
Dell,Gaming,15.6,IPS Panel Full HD 1920x1080,Intel Core i7 7700HQ 2.8GHz,8GB,8.0,128GB SSD +  1TB HDD,Nvidia GeForce GTX 1050 Ti,Windows 10,2.62,2.8,1920,1080,0,1,Intel,Nvidia,61751.52
Dell,Notebook,15.6,Full HD 1920x1080,Intel Core i7 8550U 1.8GHz,8GB,8.0,256GB SSD +  2TB HDD,AMD Radeon 530,Windows 10,2.02,1.8,1920,1080,0,0,Intel,AMD,60867.072
Dell,Ultrabook,14.0,Full HD 1920x1080,Intel Core i7 7600U 2.8GHz,8GB,8.0,256GB SSD,Intel HD Graphics 620,Linux,1.6,2.8,1920,1080,0,0,Intel,Intel,58554.72
HP,Gaming,17.3,Full HD 1920x1080,Intel Core i7 7700HQ 2.8GHz,12GB,12.0,256GB SSD +  1TB HDD,Nvidia GeForce GTX 1070,Windows 10,3.35,2.8,1920,1080,0,0,Intel,Nvidia,106506.72
Mediacom,2 in 1 Convertible,11.6,IPS Panel Full HD / Touchscreen 1920x1080,Intel Celeron Dual Core N3350 1.1GHz,4GB,4.0,32GB SSD,Intel HD Graphics 500,Windows 10,1.16,1.1,1920,1080,1,1,Intel,Intel,15930.72
Samsung,Netbook,11.6,1366x768,Intel Celeron Dual Core N3060 1.6GHz,4GB,4.0,16GB Flash Storage,Intel HD Graphics 400,Chrome OS,1.15,1.6,1366,768,0,0,Intel,Intel,14332.32
Lenovo,Notebook,13.3,IPS Panel Full HD 1920x1080,Intel Core i7 7500U 2.7GHz,8GB,8.0,256GB SSD,Intel HD Graphics 620,Windows 10,1.4,2.7,1920,1080,0,1,Intel,Intel,53812.8
Lenovo,Notebook,14.0,IPS Panel Full HD 1920x1080,Intel Core i3 7130U 2.7GHz,4GB,4.0,128GB SSD,Intel HD Graphics 620,Windows 10,1.7,2.7,1920,1080,0,1,Intel,Intel,31914.72
Lenovo,Workstation,15.6,IPS Panel 4K Ultra HD 3840x2160,Intel Core i7 7600U 2.8GHz,16GB,16.0,512GB SSD,Nvidia GeForce 940MX,Windows 10,2.3,2.8,3840,2160,0,1,Intel,Nvidia,130269.6
Lenovo,Notebook,15.6,Full HD 1920x1080,Intel Core i7 7820HQ 2.9GHz,16GB,16.0,512GB SSD,Nvidia Quadro M2200M,Windows 10,2.5,2.9,1920,1080,0,0,Intel,Nvidia,130482.72
Asus,Gaming,17.3,Full HD 1920x1080,AMD Ryzen 1600 3.2GHz,8GB,8.0,256GB SSD +  1TB HDD,AMD Radeon RX 580,Windows 10,3.2,3.2,1920,1080,0,0,AMD,AMD,90309.6
HP,Notebook,15.6,1366x768,Intel Celeron Dual Core N3060 1.6GHz,4GB,4.0,500GB HDD,Intel HD Graphics 400,Windows 10,2.1,1.6,1366,768,0,0,Intel,Intel,18488.16
Google,Ultrabook,12.3,Touchscreen 2400x1600,Intel Core i7 7Y75 1.3GHz,16GB,16.0,512GB SSD,Intel HD Graphics 615,Chrome OS,1.1,1.3,2400,1600,1,0,Intel,Intel,117162.72
Lenovo,Ultrabook,24.0,2560x1440,Intel Core i7 7500U 2.7GHz,24GB,24.0,512GB SSD,Intel HD Graphics 620,Windows 10,1.32,2.7,2560,1440,0,0,Intel,Intel,126912.96
Asus,Notebook,15.6,Full HD 1920x1080,Intel Core i5 7200U 2.5GHz,4GB,4.0,256GB SSD,Intel HD Graphics 620,Linux,2.0,2.5,1920,1080,0,0,Intel,Intel,29783.52
Lenovo,Notebook,17.3,1600x900,AMD A6-Series 9220 2.5GHz,8GB,8.0,1TB HDD,AMD Radeon R4,Windows 10,2.8,2.5,1600,900,0,0,AMD,AMD,27652.32
Dell,Notebook,15.6,Full HD 1920x1080,Intel Core i5 8250U 1.6GHz,4GB,4.0,256GB SSD,AMD Radeon 530,Windows 10,2.2,1.6,1920,1080,0,0,Intel,AMD,39906.72
Lenovo,Ultrabook,12.5,IPS Panel Full HD 1920x1080,Intel Core i5 7200U 2.5GHz,8GB,8.0,256GB SSD,Intel HD Graphics 620,Windows 10,1.36,2.5,1920,1080,0,1,Intel,Intel,76137.12
Lenovo,Notebook,15.6,Full HD 1920x1080,Intel Pentium Quad Core N4200 1.1GHz,4GB,4.0,128GB SSD,Intel HD Graphics 505,Windows 10,2.2,1.1,1920,1080,0,0,Intel,Intel,18594.72
HP,Gaming,15.6,IPS Panel Full HD 1920x1080,Intel Core i7 7700HQ 2.8GHz,8GB,8.0,128GB SSD +  1TB HDD,Nvidia GeForce GTX 1050,Windows 10,2.2,2.8,1920,1080,0,1,Intel,Nvidia,58554.72
Dell,Notebook,14.0,Full HD 1920x1080,Intel Core i5 7440HQ 2.8GHz,8GB,8.0,256GB SSD,Nvidia GeForce 930MX,Windows 10,1.64,2.8,1920,1080,0,0,Intel,Nvidia,62817.12
Acer,Notebook,15.6,1366x768,Intel Core i5 7200U 2.5GHz,4GB,4.0,500GB HDD,Intel HD Graphics 620,Linux,2.4,2.5,1366,768,0,0,Intel,Intel,23539.104
Dell,Workstation,15.6,Full HD 1920x1080,Intel Xeon E3-1505M V6 3GHz,8GB,8.0,64GB Flash Storage +  1TB HDD,Nvidia Quadro M620,Windows 10,2.23,3.0,1920,1080,0,0,Intel,Nvidia,106187.04
MSI,Gaming,15.6,Full HD 1920x1080,Intel Core i5 7300HQ 2.5GHz,8GB,8.0,256GB SSD,Nvidia GeForce GTX 1050,Windows 10,2.2,2.5,1920,1080,0,0,Intel,Nvidia,54757.9872
Microsoft,Ultrabook,13.5,Touchscreen 2256x1504,Intel Core i7 7660U 2.5GHz,16GB,16.0,512GB SSD,Intel Iris Plus Graphics 640,Windows 10 S,1.25,2.5,2256,1504,1,0,Intel,Intel,137941.92
HP,Notebook,15.6,1366x768,Intel Core i5 7200U 2.5GHz,8GB,8.0,128GB SSD,Intel HD Graphics 620,Windows 10,1.91,2.5,1366,768,0,0,Intel,Intel,31381.92
Dell,Workstation,15.6,IPS Panel Full HD 1920x1080,Intel Core i7 6820HQ 2.7GHz,16GB,16.0,256GB SSD,Nvidia Quadro M620,Windows 10,2.17,2.7,1920,1080,0,1,Intel,Nvidia,105228.0
HP,Workstation,15.6,IPS Panel Full HD 1920x1080,Intel Core i7 7820HQ 2.9GHz,8GB,8.0,512GB SSD,Intel HD Graphics 620,Windows 10,2.31,2.9,1920,1080,0,1,Intel,Intel,81731.52
Lenovo,Notebook,14.0,Full HD 1920x1080,Intel Core i5 7200U 2.5GHz,8GB,8.0,256GB SSD,Intel HD Graphics 620,Windows 10,1.65,2.5,1920,1080,0,0,Intel,Intel,71661.6
Dell,Notebook,15.6,Full HD 1920x1080,Intel Core i7 8550U 1.8GHz,8GB,8.0,128GB SSD +  1TB HDD,AMD Radeon 530,Windows 10,2.36,1.8,1920,1080,0,0,Intel,AMD,52161.12
Dell,2 in 1 Convertible,11.6,Touchscreen 1366x768,Intel Pentium Quad Core N3710 1.6GHz,4GB,4.0,500GB HDD,Intel HD Graphics 405,Windows 10,1.47,1.6,1366,768,1,0,Intel,Intel,25521.12
Dell,Notebook,17.3,IPS Panel Full HD 1920x1080,Intel Core i7 7700HQ 2.7GHz,8GB,8.0,1TB HDD,Nvidia GeForce GTX 1060,Windows 10,4.42,2.7,1920,1080,0,1,Intel,Nvidia,109010.88
Microsoft,Ultrabook,13.5,Touchscreen 2256x1504,Intel Core M m3-7Y30 2.2GHz,4GB,4.0,128GB SSD,Intel HD Graphics 615,Windows 10 S,1.252,2.2,2256,1504,1,0,Intel,Intel,52693.92
Microsoft,Ultrabook,33.5,Touchscreen 2256x1504,Intel Core i7 7660U 2.5GHz,8GB,8.0,256GB SSD,Intel Iris Plus Graphics 640,Windows 10 S,1.25,2.5,2256,1504,1,0,Intel,Intel,95850.72
HP,Notebook,17.3,1600x900,Intel Core i3 6006U 2GHz,8GB,8.0,256GB SSD,Intel HD Graphics 520,Windows 10,2.5,2.0,1600,900,0,0,Intel,Intel,34093.872
Acer,Notebook,15.6,Full HD 1920x1080,Intel Core i3 6006U 2GHz,4GB,4.0,1TB HDD,Nvidia GeForce 940MX,Windows 10,2.23,2.0,1920,1080,0,0,Intel,Nvidia,28984.32
Acer,Netbook,11.6,1366x768,Intel Celeron Dual Core N3060 1.6GHz,4GB,4.0,128GB SSD,Intel HD Graphics 400,Windows 10,1.4,1.6,1366,768,0,0,Intel,Intel,23176.8
Asus,Notebook,15.6,Full HD 1920x1080,Intel Core i5 7200U 2.5GHz,8GB,8.0,1TB HDD,Intel HD Graphics 620,Windows 10,2.37,2.5,1920,1080,0,0,Intel,Intel,39906.72
Lenovo,Notebook,14.0,IPS Panel Full HD 1920x1080,Intel Core i7 7500U 2.7GHz,8GB,8.0,512GB SSD,AMD Radeon R7 M460,No OS,1.5,2.7,1920,1080,0,1,Intel,AMD,42570.72
Lenovo,Notebook,15.6,Full HD 1920x1080,Intel Core i7 7820HQ 2.9GHz,8GB,8.0,256GB SSD,Nvidia Quadro M2200M,Windows 10,2.67,2.9,1920,1080,0,0,Intel,Nvidia,111355.2
Asus,Notebook,15.6,1366x768,Intel Pentium Quad Core N4200 1.1GHz,4GB,4.0,500GB HDD,Intel HD Graphics 500,Windows 10,2.0,1.1,1366,768,0,0,Intel,Intel,16197.12
Acer,Notebook,15.6,1366x768,Intel Core i3 6006U 2GHz,4GB,4.0,500GB HDD,Nvidia GeForce GTX 940MX,Windows 10,2.2,2.0,1366,768,0,0,Intel,Nvidia,24988.32
Dell,Notebook,15.6,Full HD 1920x1080,Intel Core i5 8250U 1.6GHz,8GB,8.0,2TB HDD,AMD Radeon 530,Windows 10,2.02,1.6,1920,1080,0,0,Intel,AMD,40439.52
HP,Gaming,17.3,IPS Panel Full HD 1920x1080,Intel Core i7 7700HQ 2.8GHz,12GB,12.0,1TB HDD,Nvidia GeForce GTX 1060,Windows 10,3.78,2.8,1920,1080,0,1,Intel,Nvidia,90522.72
Lenovo,Ultrabook,14.0,IPS Panel Quad HD+ 2560x1440,Intel Core i7 6600U 2.6GHz,12GB,12.0,256GB SSD,Intel HD Graphics 520,Windows 10,1.4,2.6,2560,1440,0,1,Intel,Intel,98994.24
HP,2 in 1 Convertible,13.3,IPS Panel 4K Ultra HD / Touchscreen 3840x2160,Intel Core i7 8550U 1.8GHz,8GB,8.0,512GB SSD,Intel UHD Graphics 620,Windows 10,1.29,1.8,3840,2160,1,1,Intel,Intel,106506.72
HP,Notebook,15.6,Full HD 1920x1080,Intel Core i5 7200U 2.5GHz,8GB,8.0,500GB HDD,AMD FirePro W4190M ,Windows 10,1.9,2.5,1920,1080,0,0,Intel,AMD,61485.12
Google,Ultrabook,12.3,Touchscreen 2400x1600,Intel Core i5 7Y57 1.2GHz,8GB,8.0,128GB SSD,Intel HD Graphics 615,Chrome OS,1.1,1.2,2400,1600,1,0,Intel,Intel,67932.0
Dell,Ultrabook,13.3,Full HD / Touchscreen 1920x1080,Intel Core i5 8250U 1.6GHz,8GB,8.0,256GB SSD,Intel UHD Graphics 620,Windows 10,1.42,1.6,1920,1080,1,0,Intel,Intel,98133.768
Asus,Notebook,15.6,IPS Panel 4K Ultra HD 3840x2160,Intel Core i7 6700HQ 2.6GHz,12GB,12.0,128GB SSD +  1TB HDD,Intel HD Graphics 530,Windows 10,2.06,2.6,3840,2160,0,1,Intel,Intel,69210.72
Dell,Notebook,14.0,1366x768,Intel Core i3 6100U 2.3GHz,8GB,8.0,128GB SSD,Intel HD Graphics 520,Windows 10,1.79,2.3,1366,768,0,0,Intel,Intel,39427.2
Dell,Workstation,,Full HD 1920x1080,Intel Core i7 7700HQ 2.8GHz,8GB,8.0,256GB SSD,Nvidia Quadro M1200,Windows 10,1.78,2.8,1920,1080,0,0,Intel,Nvidia,128298.24
Lenovo,Notebook,14.0,Full HD 1920x1080,Intel Core i5 7200U 2.5GHz,8GB,8.0,180GB SSD,Intel HD Graphics 620,Windows 10,1.7,2.5,1920,1080,0,0,Intel,Intel,72673.92
Toshiba,Notebook,13.3,IPS Panel Full HD 1920x1080,Intel Core i5 7200U 2.5GHz,8GB,8.0,256GB SSD,Intel HD Graphics 620,Windows 10,1.05,2.5,1920,1080,0,1,Intel,Intel,89084.16
Dell,Notebook,15.6,IPS Panel Full HD 1920x1080,Intel Core i7 8550U 1.8GHz,8GB,8.0,512GB SSD,Nvidia GeForce 940MX,Windows 10,2.16,1.8,1920,1080,0,1,Intel,Nvidia,67239.36
Dell,Notebook,15.6,1366x768,Intel Core i3 7100U 2.4GHz,4GB,4.0,1TB HDD,Intel HD Graphics 620,Windows 10,2.18,2.4,1366,768,0,0,Intel,Intel,31254.048
HP,Notebook,13.3,IPS Panel Full HD 1920x1080,Intel Core i5 8250U 1.6GHz,4GB,4.0,128GB SSD,Intel UHD Graphics 620,Windows 10,1.49,1.6,1920,1080,0,1,Intel,Intel,38681.28
Chuwi,Notebook,15.6,Full HD 1920x1080,Intel Atom x5-Z8350 1.44GHz,4GB,4.0,64GB Flash Storage,Intel HD Graphics,Windows 10,1.89,1.44,1920,1080,0,0,Intel,Intel,13261.392
Lenovo,Notebook,15.6,1366x768,Intel Core i3 6006U 2.0GHz,4GB,4.0,128GB SSD,Intel HD Graphics 520,Windows 10,2.3,2.0,1366,768,0,0,Intel,Intel,30103.2
Lenovo,Notebook,14.0,IPS Panel Full HD 1920x1080,Intel Core i5 8250U 1.6GHz,8GB,8.0,256GB SSD,Intel UHD Graphics 620,Windows 10,1.75,1.6,1920,1080,0,1,Intel,Intel,55890.72
Dell,Workstation,15.6,IPS Panel Full HD 1920x1080,Intel Core i7 6820HQ 2.7GHz,16GB,16.0,512GB SSD,Nvidia Quadro M620,Windows 10,2.17,2.7,1920,1080,0,1,Intel,Nvidia,124568.64
Dell,Notebook,15.6,Full HD 1920x1080,Intel Core i7 7700HQ 2.8GHz,16GB,16.0,512GB SSD,Nvidia GeForce GTX 1050,Windows 10,2.06,2.8,1920,1080,0,0,Intel,Nvidia,101178.72
Lenovo,Ultrabook,12.5,IPS Panel Full HD 1920x1080,Intel Core i7 7500U 2.7GHz,16GB,16.0,512GB SSD,Intel HD Graphics 620,Windows 10,1.36,2.7,1920,1080,0,1,Intel,Intel,95797.44
Asus,Ultrabook,12.5,Full HD 1920x1080,Intel Core i7 7500U 2.7GHz,16GB,16.0,512GB SSD,Intel HD Graphics 620,Windows 10,0.91,2.7,1920,1080,0,0,Intel,Intel,103896.0
Lenovo,Notebook,15.6,IPS Panel Full HD 1920x1080,Intel Core i5 7200U 2.5GHz,8GB,8.0,256GB SSD,Nvidia GeForce 940MX,Windows 10,2.3,2.5,1920,1080,0,1,Intel,Nvidia,53918.8272
Toshiba,Ultrabook,13.3,Full HD / Touchscreen 1920x1080,Intel Core i7 7500U 2.7GHz,32GB,32.0,512GB SSD,Intel HD Graphics 620,Windows 10,1.05,2.7,1920,1080,1,0,Intel,Intel,149130.72
Asus,Gaming,15.6,Full HD 1920x1080,Intel Core i7 7700HQ 2.8GHz,8GB,8.0,128GB SSD +  1TB HDD,Nvidia GeForce GTX 1050,Windows 10,1.99,2.8,1920,1080,0,0,Intel,Nvidia,71928.0
Acer,Notebook,15.6,1366x768,AMD A10-Series 9620P 2.5GHz,8GB,8.0,1TB HDD,AMD Radeon RX 540,Windows 10,2.2,2.5,1366,768,0,0,AMD,AMD,30849.12
Asus,Gaming,17.3,IPS Panel Full HD / Touchscreen 1920x1080,Intel Core i7 6700HQ 2.6GHz,24GB,24.0,256GB SSD +  1TB HDD,Nvidia GeForce GTX 965M,Windows 10,4.33,2.6,1920,1080,1,1,Intel,Nvidia,67612.32
Lenovo,Ultrabook,12.5,IPS Panel 1366x768,Intel Core i5 6200U 2.3GHz,8GB,8.0,180GB SSD,Intel HD Graphics 520,Windows 10,1.3,2.3,1366,768,0,1,Intel,Intel,58554.72
Lenovo,Notebook,15.6,Full HD 1920x1080,Intel Core i7 8550U 1.8GHz,8GB,8.0,256GB SSD,Intel UHD Graphics 620,Windows 10,2.17,1.8,1920,1080,0,0,Intel,Intel,47893.392
HP,Notebook,14.0,Full HD 1920x1080,Intel Core i7 7600U 2.8GHz,8GB,8.0,1TB SSD,Intel HD Graphics 620,Windows 10,1.48,2.8,1920,1080,0,0,Intel,Intel,93186.72
Lenovo,Notebook,13.3,IPS Panel Full HD 1920x1080,Intel Core i3 7100U 2.4GHz,8GB,8.0,256GB SSD,Intel HD Graphics 620,Windows 10,1.4,2.4,1920,1080,0,1,Intel,Intel,50562.72
Lenovo,Notebook,15.6,IPS Panel Full HD 1920x1080,Intel Core i5 7200U 2.5GHz,8GB,8.0,256GB SSD,Intel HD Graphics 620,Windows 10,2.3,2.5,1920,1080,0,1,Intel,Intel,48538.08
Asus,Netbook,11.6,1366x768,Intel Celeron Dual Core N3350 1.1GHz,4GB,4.0,64GB Flash Storage,Intel HD Graphics 500,Windows 10 S,1.2,1.1,1366,768,0,0,Intel,Intel,18115.2
HP,Notebook,15.6,1366x768,Intel Core i5 7200U 2.5GHz,8GB,8.0,256GB SSD,AMD Radeon 520,Windows 10,1.91,2.5,1366,768,0,0,Intel,AMD,32979.7872
Lenovo,2 in 1 Convertible,13.9,IPS Panel Full HD / Touchscreen 1920x1080,Intel Core i5 8250U 1.6GHz,8GB,8.0,256GB SSD,Intel UHD Graphics 620,Windows 10,1.4,1.6,1920,1080,1,1,Intel,Intel,85194.72
Lenovo,Notebook,14.0,1366x768,Intel Celeron Dual Core N3350 1.1GHz,4GB,4.0,500GB HDD,Intel HD Graphics 500,Windows 10,2.1,1.1,1366,768,0,0,Intel,Intel,15930.72
Lenovo,Netbook,11.6,1366x768,Intel Celeron Dual Core N3060 1.6GHz,4GB,4.0,16GB SSD,Intel HD Graphics 400,Chrome OS,1.25,1.6,1366,768,0,0,Intel,Intel,14119.2
Lenovo,Notebook,13.3,Full HD 1920x1080,Intel Core i5 7200U 2.5GHz,8GB,8.0,256GB SSD,Intel HD Graphics 620,Windows 10,1.44,2.5,1920,1080,0,0,Intel,Intel,50562.72
Asus,Notebook,15.6,Full HD 1920x1080,Intel Core i7 7500U 2.7GHz,8GB,8.0,256GB SSD +  1TB HDD,Intel HD Graphics 620,Windows 10,2.0,2.7,1920,1080,0,0,Intel,Intel,65214.72
Acer,Notebook,15.6,IPS Panel Full HD 1920x1080,Intel Core i5 8250U 1.6GHz,4GB,4.0,1TB HDD,Nvidia GeForce MX150,Windows 10,2.2,1.6,1920,1080,0,1,Intel,Nvidia,32660.64
HP,Ultrabook,13.3,IPS Panel Full HD 1920x1080,Intel Core i7 7500U 2.7GHz,8GB,8.0,512GB SSD,Intel HD Graphics 620,Windows 10,1.34,2.7,1920,1080,0,1,Intel,Intel,70489.44
Lenovo,Gaming,15.6,IPS Panel Full HD 1920x1080,Intel Core i7 7700HQ 2.8GHz,8GB,8.0,256GB SSD +  1TB HDD,Nvidia GeForce GTX 1060,No OS,2.4,2.8,1920,1080,0,1,Intel,Nvidia,61218.72
Dell,Ultrabook,13.3,IPS Panel Full HD / Touchscreen 1920x1080,Intel Core i5 7200U 2.5GHz,8GB,8.0,128GB SSD,Intel HD Graphics 620,Windows 10,1.29,2.5,1920,1080,1,1,Intel,Intel,47898.72
Acer,Notebook,15.6,Full HD 1920x1080,Intel Core i7 7500U 2.7GHz,4GB,4.0,500GB HDD,Nvidia GeForce 940MX,Windows 10,2.2,2.7,1920,1080,0,0,Intel,Nvidia,34045.92
Dell,Notebook,15.6,Full HD 1920x1080,Intel Core i5 7200U 2.5GHz,8GB,8.0,1TB HDD,Intel HD Graphics 620,Windows 10,2.18,2.5,1920,1080,0,0,Intel,Intel,44542.08
Dell,Notebook,15.6,Full HD 1920x1080,Intel Core i7 8550U 1.8GHz,16GB,16.0,256GB SSD +  2TB HDD,AMD Radeon 530,Windows 10,2.2,1.8,1920,1080,0,0,Intel,AMD,64961.1072
Xiaomi,Notebook,15.6,IPS Panel Full HD 1920x1080,Intel Core i7 8550U 1.8GHz,16GB,16.0,256GB SSD,Nvidia GeForce MX150,No OS,1.95,1.8,1920,1080,0,1,Intel,Nvidia,74589.336
Asus,Netbook,11.6,1366x768,Intel Celeron Dual Core N3350 1.1GHz,2GB,2.0,32GB Flash Storage,Intel HD Graphics 500,Windows 10,1.1,1.1,1366,768,0,0,Intel,Intel,13053.6
HP,Notebook,15.6,Touchscreen 1366x768,Intel Core i5 8250U 1.6GHz,4GB,4.0,1TB HDD,Intel UHD Graphics 620,Windows 10,2.04,1.6,1366,768,1,0,Intel,Intel,27783.9216
Asus,Gaming,15.6,Full HD 1920x1080,Intel Core i7 7700HQ 2.8GHz,24GB,24.0,512GB SSD,Nvidia GeForce GTX1080,Windows 10,2.24,2.8,1920,1080,0,0,Intel,Nvidia,158135.04
HP,Notebook,15.6,Full HD 1920x1080,Intel Core i5 7200U 2.5GHz,8GB,8.0,256GB SSD,Nvidia GeForce 930MX,Windows 10,2.04,2.5,1920,1080,0,0,Intel,Nvidia,47365.92
Asus,Gaming,17.3,Full HD 1920x1080,Intel Core i7 7700HQ 2.8GHz,16GB,16.0,256GB SSD +  1TB HDD,Nvidia GeForce GTX1050 Ti,Windows 10,3.0,2.8,1920,1080,0,0,Intel,Nvidia,80133.12
Lenovo,Gaming,15.6,IPS Panel Full HD 1920x1080,Intel Core i7 7700HQ 2.8GHz,8GB,8.0,256GB SSD +  1TB HDD,Nvidia GeForce GTX 1060,Windows 10,3.2,2.8,1920,1080,0,1,Intel,Nvidia,74538.72
HP,Ultrabook,13.3,IPS Panel Full HD 1920x1080,Intel Core i7 7500U 2.7GHz,8GB,8.0,256GB SSD,Intel HD Graphics 620,Windows 10,1.32,2.7,1920,1080,0,1,Intel,Intel,74538.72
Dell,Notebook,14.0,Full HD 1920x1080,Intel Core i5 7300U 2.6GHz,8GB,8.0,256GB SSD,Intel HD Graphics 620,Windows 10,1.64,2.6,1920,1080,0,0,Intel,Intel,68184.0144
HP,Notebook,15.6,1366x768,Intel Core i3 6006U 2GHz,4GB,4.0,128GB SSD,Intel HD Graphics 520,Windows 10,1.63,2.0,1366,768,0,0,Intel,Intel,36709.92
Dell,Notebook,17.3,IPS Panel Full HD 1920x1080,Intel Core i5 8250U 1.6GHz,8GB,8.0,128GB SSD +  1TB HDD,AMD Radeon 530,Linux,2.8,1.6,1920,1080,0,1,Intel,AMD,47365.92
Lenovo,Notebook,24.0,Full HD 1920x1080,Intel Core i5 6200U 2.3GHz,8GB,8.0,256GB SSD,Intel HD Graphics 520,Windows 7,2.02,2.3,1920,1080,0,0,Intel,Intel,71395.2
Lenovo,Notebook,15.6,Full HD 1920x1080,Intel Core i7 7500U 2.7GHz,4GB,4.0,1TB HDD,Nvidia GeForce 920MX,Windows 10,2.2,2.7,1920,1080,0,0,Intel,Nvidia,42570.72
Lenovo,Notebook,15.6,1366x768,Intel Core i3 6006U 2GHz,8GB,8.0,2TB HDD,Nvidia GeForce 920MX ,No OS,2.2,2.0,1366,768,0,0,Intel,Nvidia,24455.52
Dell,Notebook,15.6,Full HD 1920x1080,Intel Core i5 7200U 2.5GHz,4GB,4.0,500GB HDD,AMD Radeon R5 M430,Windows 10,2.3,2.5,1920,1080,0,0,Intel,AMD,31168.8
Dell,Notebook,15.6,Full HD 1920x1080,Intel Core i5 7440HQ 2.8GHz,8GB,8.0,256GB SSD,Intel HD Graphics 620,Windows 10,1.9,2.8,1920,1080,0,0,Intel,Intel,73366.56
Dell,Gaming,17.3,IPS Panel Full HD 1920x1080,Intel Core i7 7700HQ 2.8GHz,16GB,16.0,128GB SSD +  1TB HDD,Nvidia GeForce GTX 1070,Windows 10,4.42,2.8,1920,1080,0,1,Intel,Nvidia,160520.3856
Toshiba,Notebook,15.6,IPS Panel Full HD 1920x1080,Intel Core i5 7200U 2.5GHz,8GB,8.0,500GB HDD,Intel HD Graphics 620,Windows 10,2.0,2.5,1920,1080,0,1,Intel,Intel,45820.8
Asus,Notebook,15.6,IPS Panel 4K Ultra HD 3840x2160,Intel Core i7 7500U 2.7GHz,8GB,8.0,256GB SSD +  1TB HDD,Nvidia GeForce GTX 960M,Windows 10,2.0,2.7,3840,2160,0,1,Intel,Nvidia,69210.72
Mediacom,Notebook,13.3,IPS Panel Full HD 1920x1080,Intel Celeron Quad Core N3450 1.1GHz,4GB,4.0,32GB SSD,Intel HD Graphics 500,Windows 10,1.2,1.1,1920,1080,0,1,Intel,Intel,19660.32
Asus,Gaming,15.6,IPS Panel Full HD 1920x1080,Intel Core i5 7300HQ 2.5GHz,8GB,8.0,128GB SSD +  1TB HDD,Nvidia GeForce GTX 1060,Windows 10,2.3,2.5,1920,1080,0,1,Intel,Nvidia,87858.72
Dell,Notebook,15.6,Full HD 1920x1080,Intel Core i7 7600U 2.8GHz,8GB,8.0,256GB SSD,Nvidia GeForce 930MX,Windows 10,1.93,2.8,1920,1080,0,0,Intel,Nvidia,72940.32
Dell,Notebook,15.6,Full HD 1920x1080,Intel Core i5 8250U 1.6GHz,8GB,8.0,256GB SSD,AMD Radeon 530,Windows 10,2.2,1.6,1920,1080,0,0,Intel,AMD,42486.0048
HP,Notebook,15.6,Full HD 1920x1080,Intel Pentium Quad Core N3710 1.6GHz,4GB,4.0,256GB SSD,Intel HD Graphics 405,Windows 10,1.86,1.6,1920,1080,0,0,Intel,Intel,21258.1872
HP,Gaming,17.3,Full HD 1920x1080,Intel Core i7 7700HQ 2.8GHz,12GB,12.0,1TB HDD,Nvidia GeForce GTX 1060,Windows 10,2.62,2.8,1920,1080,0,0,Intel,Nvidia,95850.72
Lenovo,Notebook,14.0,IPS Panel Full HD 1920x1080,Intel Core i7 7500U 2.7GHz,8GB,8.0,256GB SSD,Nvidia GeForce 940MX,Windows 10,1.87,2.7,1920,1080,0,1,Intel,Nvidia,45767.52
Dell,Ultrabook,13.3,Quad HD+ / Touchscreen 3200x1800,Intel Core i7 8550U 1.8GHz,8GB,8.0,256GB SSD,Intel UHD Graphics 620,Windows 10,1.2,1.8,3200,1800,1,0,Intel,Intel,74538.72
Dell,Notebook,14.0,Full HD 1920x1080,Intel Core i3 6006U 2GHz,4GB,4.0,128GB SSD,Intel HD Graphics 520,Windows 10,1.6,2.0,1920,1080,0,0,Intel,Intel,39207.1536
HP,Ultrabook,13.3,IPS Panel Quad HD+ 3200x1800,Intel Core i7 7500U 2.7GHz,8GB,8.0,256GB SSD,Intel HD Graphics 620,Windows 10,1.34,2.7,3200,1800,0,1,Intel,Intel,61005.6
Acer,Gaming,15.6,Full HD 1920x1080,Intel Core i5 7300HQ 2.5GHz,8GB,8.0,1TB HDD,Nvidia GeForce GTX 1050,Linux,2.4,2.5,1920,1080,0,0,Intel,Nvidia,42517.44
Asus,Notebook,15.6,1366x768,AMD E-Series 7110 1.8GHz,4GB,4.0,500GB HDD,AMD Radeon R2 Graphics,Windows 10,2.0,1.8,1366,768,0,0,AMD,AMD,18594.72
HP,Notebook,15.6,Full HD 1920x1080,Intel Core i3 7100U 2.4GHz,4GB,4.0,128GB SSD,Intel HD Graphics 620,Windows 10,2.1,2.4,1920,1080,0,0,Intel,Intel,37589.04
Lenovo,Notebook,14.0,Full HD 1920x1080,Intel Core i5 7200U 2.5GHz,4GB,4.0,500GB HDD,Intel HD Graphics 620,Windows 10,1.87,2.5,1920,1080,0,0,Intel,Intel,41824.8
Lenovo,Notebook,15.6,Full HD 1920x1080,Intel Core i5 6200U 2.3GHz,4GB,4.0,1TB HDD,Intel HD Graphics 520,No OS,2.15,2.3,1920,1080,0,0,Intel,Intel,24634.008
HP,Notebook,15.6,Full HD 1920x1080,Intel Core i3 6006U 2GHz,4GB,4.0,500GB HDD,Intel HD Graphics 520,Windows 10,1.86,2.0,1920,1080,0,0,Intel,Intel,21152.16
Lenovo,Notebook,15.6,IPS Panel Full HD 1920x1080,Intel Core i7 7500U 2.7GHz,8GB,8.0,512GB SSD,Intel HD Graphics 620,Windows 10,1.99,2.7,1920,1080,0,1,Intel,Intel,92121.12
Lenovo,Notebook,15.6,Full HD 1920x1080,Intel Core i3 6006U 2GHz,4GB,4.0,128GB SSD,Intel HD Graphics 520,Windows 10,2.2,2.0,1920,1080,0,0,Intel,Intel,26586.72
Dell,Notebook,15.6,Full HD 1920x1080,Intel Core i5 7200U 2.5GHz,8GB,8.0,256GB SSD,Intel HD Graphics 620,Windows 10,1.9,2.5,1920,1080,0,0,Intel,Intel,59513.2272
Dell,Gaming,17.3,IPS Panel Full HD 1920x1080,Intel Core i7 7700HQ 2.8GHz,16GB,16.0,256GB SSD +  1TB HDD,Nvidia GeForce GTX 1070,Windows 10,4.42,2.8,1920,1080,0,1,Intel,Nvidia,143802.72
HP,Notebook,17.3,1600x900,Intel Core i3 6006U 2GHz,8GB,8.0,1TB HDD,Intel HD Graphics 520,Windows 10,2.65,2.0,1600,900,0,0,Intel,Intel,28992.312
HP,Notebook,17.3,Full HD 1920x1080,Intel Core i7 7500U 2.7GHz,8GB,8.0,1TB HDD,Nvidia GeForce 930MX,Windows 10,2.63,2.7,1920,1080,0,0,Intel,Nvidia,68198.4
Asus,Notebook,15.6,1366x768,Intel Celeron Dual Core N3350 1.1GHz,4GB,4.0,500GB HDD,Intel HD Graphics 500,Linux,2.0,1.1,1366,768,0,0,Intel,Intel,11934.72
Mediacom,Notebook,13.3,IPS Panel Full HD 1920x1080,Intel Atom x5-Z8350 1.44GHz,4GB,4.0,32GB Flash Storage,Intel HD Graphics,Windows 10,1.35,1.44,1920,1080,0,1,Intel,Intel,13586.4
Lenovo,Notebook,17.3,1600x900,Intel Core i7 7500U 2.7GHz,6GB,6.0,128GB SSD +  1TB HDD,Nvidia GeForce 940MX,Windows 10,2.8,2.7,1600,900,0,0,Intel,Nvidia,50562.72
HP,Notebook,15.6,IPS Panel Full HD 1920x1080,AMD A10-Series A10-9620P 2.5GHz,6GB,6.0,128GB SSD,AMD Radeon 530,Windows 10,1.91,2.5,1920,1080,0,1,AMD,AMD,30310.992
Dell,Notebook,15.6,1366x768,Intel Core i3 6006U 2GHz,4GB,4.0,1TB HDD,AMD Radeon R5 M420,Windows 10,2.18,2.0,1366,768,0,0,Intel,AMD,32921.712
Acer,2 in 1 Convertible,11.6,IPS Panel Full HD / Touchscreen 1920x1080,Intel Celeron Dual Core N3350 2.0GHz,4GB,4.0,32GB Flash Storage,Intel HD Graphics 500,Windows 10,1.25,2.0,1920,1080,1,1,Intel,Intel,18594.72
Lenovo,Notebook,15.6,Full HD 1920x1080,Intel Core i3 7130U 2.7GHz,4GB,4.0,128GB SSD,Intel HD Graphics 620,Windows 10,2.05,2.7,1920,1080,0,0,Intel,Intel,33566.4
HP,Ultrabook,13.3,IPS Panel Quad HD+ / Touchscreen 3200x1800,Intel Core M 6Y75 1.2GHz,16GB,16.0,512GB SSD,Intel HD Graphics 515,Windows 10,1.16,1.2,3200,1800,1,1,Intel,Intel,104695.2
Lenovo,Notebook,17.3,IPS Panel Full HD 1920x1080,Intel Core i7 7700HQ 2.8GHz,8GB,8.0,256GB SSD,Nvidia Quadro M620M,Windows 10,3.4,2.8,1920,1080,0,1,Intel,Nvidia,159786.72
Asus,Notebook,15.6,Full HD 1920x1080,Intel Core i5 7300HQ 2.5GHz,8GB,8.0,128GB SSD +  1TB HDD,Nvidia GeForce GTX 1050,Windows 10,2.5,2.5,1920,1080,0,0,Intel,Nvidia,44701.92
Dell,Ultrabook,13.3,IPS Panel 4K Ultra HD / Touchscreen 3840x2160,Intel Core i5 8250U 1.6GHz,8GB,8.0,128GB SSD,Intel UHD Graphics 620,Windows 10,1.21,1.6,3840,2160,1,1,Intel,Intel,85194.72
Dell,Notebook,15.6,1366x768,Intel Core i5 7300U 2.6GHz,4GB,4.0,500GB HDD,Intel HD Graphics 620,Windows 10,1.93,2.6,1366,768,0,0,Intel,Intel,51095.52
Lenovo,Notebook,15.6,Full HD 1920x1080,Intel Pentium Quad Core N4200 1.1GHz,4GB,4.0,500GB HDD,Intel HD Graphics 505,Windows 10,2.2,1.1,1920,1080,0,0,Intel,Intel,18328.32
Lenovo,Notebook,14.0,1366x768,Intel Core i5 7200U 2.5GHz,4GB,4.0,500GB HDD,Intel HD Graphics 620,Windows 10,2.02,2.5,1366,768,0,0,Intel,Intel,52747.2
HP,Workstation,17.3,1600x900,Intel Core i5 7440HQ 2.8GHz,8GB,8.0,500GB HDD,Nvidia Quadro M1200,Windows 10,3.14,2.8,1600,900,0,0,Intel,Nvidia,99153.5472
HP,Notebook,14.0,1366x768,Intel Pentium Quad Core N3710 1.6GHz,8GB,8.0,2TB HDD,Intel HD Graphics 405,Windows 10,1.94,1.6,1366,768,0,0,Intel,Intel,20725.92
HP,Notebook,15.6,IPS Panel Full HD 1920x1080,AMD A9-Series A9-9420 3GHz,6GB,6.0,256GB SSD,AMD Radeon 530,Windows 10,1.95,3.0,1920,1080,0,1,AMD,AMD,34578.72
Lenovo,Notebook,15.6,Full HD 1920x1080,Intel Core i5 7200U 2.5GHz,8GB,8.0,256GB SSD,Intel HD Graphics 620,Windows 10,2.3,2.5,1920,1080,0,0,Intel,Intel,44222.4
Lenovo,Notebook,15.6,Full HD 1920x1080,Intel Core i5 8250U 1.6GHz,4GB,4.0,500GB HDD,Intel HD Graphics 620,Windows 10,2.05,1.6,1920,1080,0,0,Intel,Intel,36496.8
Mediacom,Notebook,14.0,Full HD 1920x1080,Intel Atom x5-Z8350 1.44GHz,4GB,4.0,32GB SSD,Intel HD Graphics,Windows 10,1.4,1.44,1920,1080,0,0,Intel,Intel,13266.72
Toshiba,Ultrabook,14.0,Full HD / Touchscreen 1920x1080,Intel Core i7 7500U 2.7GHz,16GB,16.0,512GB SSD,Intel HD Graphics 620,Windows 10,1.24,2.7,1920,1080,1,0,Intel,Intel,99367.2
Lenovo,Gaming,17.3,IPS Panel Full HD 1920x1080,Intel Core i7 6820HK 2.7GHz,32GB,32.0,256GB SSD +  1TB HDD,Nvidia GeForce GTX 1070,Windows 10,4.6,2.7,1920,1080,0,1,Intel,Nvidia,141884.64
MSI,Gaming,17.3,Full HD 1920x1080,Intel Core i7 7820HK 2.9GHz,16GB,16.0,512GB SSD +  1TB HDD,Nvidia GeForce GTX 1070,Windows 10,4.14,2.9,1920,1080,0,0,Intel,Nvidia,145401.12
Dell,Notebook,15.6,Full HD 1920x1080,Intel Core i7 7500U 2.7GHz,8GB,8.0,256GB SSD,AMD Radeon R5 M430,Linux,2.2,2.7,1920,1080,0,0,Intel,AMD,39907.2528
Mediacom,Notebook,14.0,IPS Panel Full HD 1920x1080,Intel Celeron Quad Core N3450 1.1GHz,4GB,4.0,32GB SSD,Intel HD Graphics 500,Windows 10,1.45,1.1,1920,1080,0,1,Intel,Intel,20725.92
Dell,Notebook,15.6,1366x768,Intel Core i5 7300U 2.6GHz,8GB,8.0,500GB HDD,Intel HD Graphics 620,Windows 10,1.9,2.6,1366,768,0,0,Intel,Intel,53733.9456
HP,Notebook,13.3,Full HD 1920x1080,Intel Core i3 7100U 2.4GHz,4GB,4.0,128GB SSD,Intel HD Graphics 620,Windows 10,1.49,2.4,1920,1080,0,0,Intel,Intel,38308.32
Dell,Notebook,15.6,Full HD 1920x1080,Intel Core i7 7600U 2.8GHz,16GB,16.0,256GB SSD,Nvidia GeForce 930MX,Windows 10,1.93,2.8,1920,1080,0,0,Intel,Nvidia,81912.1392
Dell,Netbook,11.6,1366x768,Intel Celeron Dual Core N3060 1.6GHz,4GB,4.0,16GB Flash Storage,Intel HD Graphics 400,Chrome OS,1.26,1.6,1366,768,0,0,Intel,Intel,15717.6
MSI,Gaming,17.3,Full HD 1920x1080,Intel Core i7 6820HK 2.7GHz,16GB,16.0,128GB SSD +  1TB HDD,Nvidia GeForce GTX 980M,Windows 10,4.5,2.7,1920,1080,0,0,Intel,Nvidia,125154.72
HP,Gaming,17.3,IPS Panel Full HD 1920x1080,Intel Core i7 7700HQ 2.8GHz,16GB,16.0,256GB SSD +  1TB HDD,Nvidia GeForce GTX 1050,Windows 10,3.78,2.8,1920,1080,0,1,Intel,Nvidia,79813.44
Lenovo,Ultrabook,14.0,IPS Panel Full HD 1920x1080,Intel Core i7 6600U 2.6GHz,12GB,12.0,256GB SSD,Intel HD Graphics 520,Windows 10,8.4,2.6,1920,1080,0,1,Intel,Intel,89137.44
Lenovo,Notebook,15.6,Touchscreen 1366x768,Intel Core i7 8550U 1.8GHz,12GB,12.0,1TB HDD,Intel HD Graphics 620,Windows 10,2.2,1.8,1366,768,1,0,Intel,Intel,32447.52
Asus,Gaming,17.3,IPS Panel Full HD 1920x1080,Intel Core i5 7300HQ 2.5GHz,8GB,8.0,128GB SSD +  1TB HDD,Nvidia GeForce GTX 1060,Windows 10,2.73,2.5,1920,1080,0,1,Intel,Nvidia,94305.6
Asus,2 in 1 Convertible,15.6,Touchscreen 1366x768,Intel Core i5 7200U 2.5GHz,8GB,8.0,1TB HDD,Intel HD Graphics 520,Windows 10,2.2,2.5,1366,768,1,0,Intel,Intel,39373.92
Lenovo,Notebook,15.6,Full HD 1920x1080,AMD A12-Series 9720P 3.6GHz,12GB,12.0,512GB SSD,AMD Radeon 530,Windows 10,2.2,3.6,1920,1080,0,0,AMD,AMD,50562.72
Dell,2 in 1 Convertible,31.6,Touchscreen 1366x768,Intel Core M 7Y30 1.0GHz,4GB,4.0,128GB SSD,Intel HD Graphics 615,Windows 10,1.39,1.0,1366,768,1,0,Intel,Intel,32127.84
Samsung,Notebook,15.6,Full HD 1920x1080,Intel Core i7 7700HQ 2.8GHz,16GB,16.0,128GB SSD +  1TB HDD,Nvidia GeForce GTX 1050,Windows 10,2.5,2.8,1920,1080,0,0,Intel,Nvidia,90522.72
Lenovo,Notebook,17.3,Full HD 1920x1080,Intel Core i3 6006U 2GHz,4GB,4.0,500GB HDD,Intel HD Graphics 520,No OS,2.8,2.0,1920,1080,0,0,Intel,Intel,28185.12
Lenovo,Notebook,15.6,1366x768,Intel Core i3 6100U 2.3GHz,8GB,8.0,1TB HDD,Intel HD Graphics 520,Windows 10,2.29,2.3,1366,768,0,0,Intel,Intel,24455.52
Lenovo,2 in 1 Convertible,13.3,IPS Panel Full HD / Touchscreen 1920x1080,Intel Core i7 7500U 2.7GHz,8GB,8.0,512GB SSD,Intel HD Graphics 620,Windows 10,1.37,2.7,1920,1080,1,1,Intel,Intel,107892.0
Lenovo,Notebook,14.0,IPS Panel Full HD 1920x1080,Intel Core i5 7300HQ 2.5GHz,8GB,8.0,256GB SSD,Intel HD Graphics 630,Windows 10,1.7,2.5,1920,1080,0,1,Intel,Intel,78534.72
Dell,2 in 1 Convertible,12.5,Full HD / Touchscreen 1920x1080,Intel Core i5 7200U 2.5GHz,8GB,8.0,256GB SSD,Intel HD Graphics 620,Windows 10,1.34,2.5,1920,1080,1,0,Intel,Intel,88977.6
Dell,Workstation,15.6,Full HD / Touchscreen 1920x1080,Intel Core i7 7700HQ 2.8GHz,8GB,8.0,256GB SSD,Nvidia Quadro M620,Windows 10,2.06,2.8,1920,1080,1,0,Intel,Nvidia,93932.64
HP,Notebook,15.6,Full HD 1920x1080,Intel Core i7 7500U 2.7GHz,8GB,8.0,256GB SSD,Intel HD Graphics 620,Windows 10,1.84,2.7,1920,1080,0,0,Intel,Intel,64948.32
HP,Notebook,15.6,1366x768,Intel Core i3 7100U 2.4GHz,4GB,4.0,500GB HDD,Intel HD Graphics 620,Windows 10,2.1,2.4,1366,768,0,0,Intel,Intel,35616.6144
Acer,Notebook,14.0,Full HD 1920x1080,Intel Celeron Quad Core N3450 1.1GHz,4GB,4.0,32GB Flash Storage,Intel HD Graphics 500,Windows 10,1.6,1.1,1920,1080,0,0,Intel,Intel,17529.12
MSI,Gaming,17.3,Full HD 1920x1080,Intel Core i7 6820HK 2.7GHz,16GB,16.0,128GB SSD +  1TB HDD,Nvidia GeForce GTX 970M,Windows 10,4.14,2.7,1920,1080,0,0,Intel,Nvidia,117162.72
Dell,Notebook,15.6,1366x768,Intel Core i3 6006U 2GHz,4GB,4.0,1TB HDD,AMD Radeon R5 M420,Linux,2.18,2.0,1366,768,0,0,Intel,AMD,24775.2
MSI,Gaming,15.6,4K Ultra HD 3840x2160,Intel Core i7 7700HQ 2.8GHz,16GB,16.0,256GB SSD +  2TB HDD,Nvidia GeForce GTX 1060,Windows 10,1.8,2.8,3840,2160,0,0,Intel,Nvidia,122490.72
Toshiba,Notebook,15.6,IPS Panel Full HD 1920x1080,Intel Core i7 6500U 2.5GHz,8GB,8.0,256GB SSD,Intel HD Graphics 520,Windows 10,2.2,2.5,1920,1080,0,1,Intel,Intel,74538.72
Lenovo,Notebook,15.6,Full HD 1920x1080,Intel Core i5 7200U 2.5GHz,6GB,6.0,1TB HDD,Intel HD Graphics 620,Windows 10,2.4,2.5,1920,1080,0,0,Intel,Intel,30049.92
Lenovo,2 in 1 Convertible,15.6,IPS Panel Full HD / Touchscreen 1920x1080,Intel Core i7 7700HQ 2.8GHz,8GB,8.0,256GB SSD,Intel HD Graphics 630,Windows 10,2.0,2.8,1920,1080,1,1,Intel,Intel,69210.72
Acer,Notebook,14.0,1366x768,Intel Pentium Quad Core N3710 1.6GHz,4GB,4.0,128GB Flash Storage,Intel HD Graphics 405,Windows 10,1.6,1.6,1366,768,0,0,Intel,Intel,18594.72
Lenovo,Notebook,15.6,IPS Panel 4K Ultra HD 3840x2160,Intel Xeon E3-1535M v6 3.1GHz,32GB,32.0,1TB SSD,Nvidia Quadro M2200M,Windows 10,2.5,3.1,3840,2160,0,1,Intel,Nvidia,261018.72
Dell,Gaming,15.6,Full HD 1920x1080,Intel Core i7 6700HQ 2.6GHz,16GB,16.0,1TB HDD,Nvidia GeForce GTX 960<U+039C>,Windows 10,2.59,2.6,1920,1080,0,0,Intel,Nvidia,46833.6528
Dell,Notebook,15.6,1366x768,Intel Core i3 6006U 2.0GHz,4GB,4.0,1TB HDD,Intel HD Graphics 520,Linux,2.18,2.0,1366,768,0,0,Intel,Intel,23650.992
Dell,Notebook,15.6,1366x768,Intel Core i3 6006U 2.0GHz,4GB,4.0,1TB HDD,Intel HD Graphics 520,Linux,2.25,2.0,1366,768,0,0,Intel,Intel,19127.52
Dell,Notebook,15.6,1366x768,Intel Core i5 7300U 2.6GHz,4GB,4.0,500GB HDD,Intel HD Graphics 620,Linux,1.93,2.6,1366,768,0,0,Intel,Intel,46300.32
Asus,Gaming,17.3,Full HD 1920x1080,Intel Core i7 7700HQ 2.8GHz,8GB,8.0,128GB SSD +  1TB HDD,Nvidia GeForce GTX 1050,Windows 10,3.0,2.8,1920,1080,0,0,Intel,Nvidia,62231.04
HP,Ultrabook,15.6,Full HD 1920x1080,Intel Core i7 7500U 2.7GHz,8GB,8.0,512GB SSD,Intel HD Graphics 620,Windows 10,1.84,2.7,1920,1080,0,0,Intel,Intel,74005.92
MSI,Gaming,15.6,Full HD 1920x1080,Intel Core i7 7700HQ 2.8GHz,16GB,16.0,256GB SSD +  1TB HDD,Nvidia GeForce GTX 1070,Windows 10,2.94,2.8,1920,1080,0,0,Intel,Nvidia,120831.5808
Acer,2 in 1 Convertible,11.6,IPS Panel Touchscreen 1366x768,Intel Celeron Quad Core N3160 1.6GHz,4GB,4.0,32GB Flash Storage,Intel HD Graphics 400,Chrome OS,1.25,1.6,1366,768,1,1,Intel,Intel,20193.12
HP,Notebook,14.0,1366x768,Intel Core i5 7300U 2.6GHz,8GB,8.0,256GB SSD,Intel HD Graphics 620,Windows 10,2.31,2.6,1366,768,0,0,Intel,Intel,59886.72
Lenovo,Notebook,14.0,Full HD 1920x1080,Intel Core i5 6200U 2.3GHz,8GB,8.0,256GB SSD,Intel HD Graphics 520,Windows 7,1.65,2.3,1920,1080,0,0,Intel,Intel,78055.2
Dell,Notebook,15.6,Full HD 1920x1080,Intel Core i5 8250U 1.6GHz,4GB,4.0,1TB HDD,AMD Radeon 530,Windows 10,2.2,1.6,1920,1080,0,0,Intel,AMD,41345.28
Fujitsu,Notebook,15.6,1366x768,Intel Core i5 7200U 2.5GHz,8GB,8.0,256GB SSD,Intel HD Graphics 620,Windows 10,2.2,2.5,1366,768,0,0,Intel,Intel,42570.72
HP,Notebook,15.6,1366x768,Intel Core i5 6200U 2.3GHz,4GB,4.0,500GB HDD,Intel HD Graphics 520,Windows 7,1.88,2.3,1366,768,0,0,Intel,Intel,49656.96
Mediacom,Notebook,14.0,Full HD 1920x1080,Intel Atom x5-Z8350 1.44GHz,2GB,2.0,32GB Flash Storage,Intel HD Graphics,Windows 10,1.4,1.44,1920,1080,0,0,Intel,Intel,12733.92
Lenovo,Notebook,15.6,Full HD 1920x1080,Intel Core i5 7200U 2.5GHz,4GB,4.0,128GB SSD,Intel HD Graphics 620,No OS,2.2,2.5,1920,1080,0,0,Intel,Intel,24935.04
Asus,2 in 1 Convertible,13.3,Full HD / Touchscreen 1920x1080,Intel Core i5 7200U 2.5GHz,6GB,6.0,1TB HDD,Intel HD Graphics 620,Windows 10,1.5,2.5,1920,1080,1,0,Intel,Intel,34046.4528
Asus,Ultrabook,14.0,Full HD 1920x1080,Intel Core i7 7500U 2.7GHz,16GB,16.0,512GB SSD,Intel HD Graphics 620,Windows 10,11.1,2.7,1920,1080,0,0,Intel,Intel,101232.0
Dell,Gaming,15.6,Full HD 1920x1080,Intel Core i7 7700HQ 2.8GHz,16GB,16.0,256GB SSD +  1TB HDD,Nvidia GeForce GTX 1050 Ti,Windows 10,2.62,2.8,1920,1080,0,0,Intel,Nvidia,78801.12
Lenovo,Notebook,15.6,Full HD 1920x1080,Intel Core i5 8250U 1.6GHz,4GB,4.0,256GB SSD,Intel UHD Graphics 620,Windows 10,1.8,1.6,1920,1080,0,0,Intel,Intel,44169.12
Lenovo,Notebook,15.6,Full HD 1920x1080,Intel Core i3 6006U 2GHz,4GB,4.0,1TB HDD,Nvidia GeForce 920MX ,Windows 10,2.2,2.0,1920,1080,0,0,Intel,Nvidia,30849.12
Asus,Notebook,15.6,1366x768,Intel Celeron Dual Core N3350 1.1GHz,8GB,8.0,1TB HDD,Intel HD Graphics 500,Windows 10,2.0,1.1,1366,768,0,0,Intel,Intel,21258.72
Asus,Notebook,15.6,Full HD 1920x1080,Intel Core i5 7300HQ 2.5GHz,8GB,8.0,1TB HDD,Nvidia GeForce GTX 1050,Windows 10,1.99,2.5,1920,1080,0,0,Intel,Nvidia,48304.7136
Dell,Ultrabook,13.3,Quad HD+ / Touchscreen 3200x1800,Intel Core i5 8250U 1.6GHz,8GB,8.0,256GB SSD,Intel UHD Graphics 620,Windows 10,1.23,1.6,3200,1800,1,0,Intel,Intel,99580.32
Lenovo,Notebook,14.0,1366x768,Intel Celeron Dual Core N3060 1.6GHz,2GB,2.0,32GB Flash Storage,Intel HD Graphics 400,Windows 10,1.42,1.6,1366,768,0,0,Intel,Intel,13266.72
Lenovo,2 in 1 Convertible,13.3,IPS Panel Full HD / Touchscreen 1920x1080,Intel Core i7 7500U 2.7GHz,8GB,8.0,256GB SSD,Intel HD Graphics 620,Windows 10,1.37,2.7,1920,1080,1,1,Intel,Intel,93635.3376
Dell,Notebook,15.6,4K Ultra HD / Touchscreen 3840x2160,Intel Core i7 7700HQ 2.8GHz,16GB,16.0,1TB SSD,Nvidia GeForce GTX 1050,Windows 10,2.06,2.8,3840,2160,1,0,Intel,Nvidia,127818.72
Lenovo,Gaming,15.6,IPS Panel Full HD 1920x1080,Intel Core i7 7700HQ 2.8GHz,8GB,8.0,128GB SSD +  1TB HDD,Nvidia GeForce GTX 1050M,Windows 10,2.5,2.8,1920,1080,0,1,Intel,Nvidia,59087.52
HP,Notebook,17.0,1600x900,AMD A9-Series 9420 3GHz,8GB,8.0,1TB HDD,AMD Radeon R5,Windows 10,2.6,3.0,1600,900,0,0,AMD,AMD,27753.552
Lenovo,Ultrabook,14.0,IPS Panel Full HD 1920x1080,Intel Core i7 7500U 2.7GHz,16GB,16.0,512GB SSD,Intel HD Graphics 620,Windows 10,1.14,2.7,1920,1080,0,1,Intel,Intel,130536.0
Asus,Gaming,15.6,IPS Panel Full HD 1920x1080,Intel Core i7 7700HQ 2.8GHz,8GB,8.0,1TB HDD,Nvidia GeForce GTX 1050 Ti,No OS,2.5,2.8,1920,1080,0,1,Intel,Nvidia,62284.32
Acer,Notebook,15.6,1366x768,Intel Core i3 6006U 2GHz,4GB,4.0,500GB HDD,Intel HD Graphics 520,Windows 10,2.4,2.0,1366,768,0,0,Intel,Intel,23976.0
Lenovo,Notebook,14.0,1366x768,Intel Celeron Dual Core N3060 1.6GHz,4GB,4.0,32GB Flash Storage,Intel HD Graphics,Windows 10,1.43,1.6,1366,768,0,0,Intel,Intel,14598.72
Acer,Ultrabook,14.0,IPS Panel Full HD 1920x1080,Intel Core i5 7200U 2.5GHz,8GB,8.0,256GB SSD,Intel Graphics 620,Windows 10,1.8,2.5,1920,1080,0,1,Intel,Intel,48964.32
Razer,Gaming,14.0,Full HD 1920x1080,Intel Core i7 7700HQ 2.8GHz,16GB,16.0,256GB SSD,Nvidia GeForce GTX 1060,Windows 10,1.95,2.8,1920,1080,0,0,Intel,Nvidia,138474.72
Toshiba,Notebook,13.3,Full HD 1920x1080,Intel Core i5 6200U 2.3GHz,8GB,8.0,256GB SSD,Intel HD Graphics 520,Windows 10,1.2,2.3,1920,1080,0,0,Intel,Intel,64628.64
Lenovo,Ultrabook,12.5,IPS Panel Full HD 1920x1080,Intel Core i7 7500U 2.7GHz,8GB,8.0,256GB SSD,Intel HD Graphics 620,Windows 10,1.36,2.7,1920,1080,0,1,Intel,Intel,84395.52
Asus,Gaming,17.3,IPS Panel Full HD 1920x1080,Intel Core i7 6820HK 2.7GHz,32GB,32.0,512GB SSD,Nvidia GeForce GTX 1080,Windows 10,3.8,2.7,1920,1080,0,1,Intel,Nvidia,149130.72
Acer,Gaming,15.6,Full HD 1920x1080,Intel Core i5 7300HQ 2.5GHz,8GB,8.0,1TB HDD,Nvidia GeForce GTX 1050,Linux,2.4,2.5,1920,1080,0,0,Intel,Nvidia,37775.52
Dell,Ultrabook,13.3,Full HD 1920x1080,Intel Core i5 8250U 1.6GHz,8GB,8.0,256GB SSD,Intel UHD Graphics 620,Windows 10,1.2,1.6,1920,1080,0,0,Intel,Intel,77250.672
MSI,Gaming,15.6,Full HD 1920x1080,Intel Core i7 7700HQ 2.8GHz,8GB,8.0,128GB SSD +  1TB HDD,Nvidia GeForce GTX 1050 Ti,Windows 10,2.2,2.8,1920,1080,0,0,Intel,Nvidia,63499.104
HP,Notebook,15.6,1366x768,Intel Core i3 6006U 2GHz,4GB,4.0,500GB HDD,Intel HD Graphics 520,No OS,1.86,2.0,1366,768,0,0,Intel,Intel,19441.872
Toshiba,Notebook,15.6,IPS Panel Full HD 1920x1080,Intel Core i5 7200U 2.5GHz,8GB,8.0,500GB HDD,Intel HD Graphics 620,Windows 10,2.0,2.5,1920,1080,0,1,Intel,Intel,56689.92
Dell,Notebook,15.6,Full HD 1920x1080,Intel Core i7 8550U 1.8GHz,8GB,8.0,256GB SSD,AMD Radeon 530,Windows 10,6.2,1.8,1920,1080,0,0,Intel,AMD,48964.32
Dell,Notebook,15.6,Full HD 1920x1080,Intel Core i7 8550U 1.8GHz,16GB,16.0,256GB SSD +  2TB HDD,AMD Radeon 530,Windows 10,2.2,1.8,1920,1080,0,0,Intel,AMD,60472.8
Lenovo,Gaming,15.6,IPS Panel Full HD 1920x1080,Intel Core i7 6700HQ 2.6GHz,8GB,8.0,128GB SSD +  1TB HDD,Nvidia GeForce GTX 960,Windows 10,3.31,2.6,1920,1080,0,1,Intel,Nvidia,63722.88
Dell,Gaming,17.3,IPS Panel 4K Ultra HD 3840x2160,Intel Core i7 7700HQ 2.8GHz,32GB,32.0,512GB SSD +  1TB HDD,Nvidia GeForce GTX 1070,Windows 10,4.42,2.8,3840,2160,0,1,Intel,Nvidia,167691.8736
Dell,Notebook,14.0,Full HD 1920x1080,Intel Core i5 6300U 2.4GHz,8GB,8.0,256GB SSD,Intel HD Graphics 520,Windows 10,1.56,2.4,1920,1080,0,0,Intel,Intel,65481.12
Lenovo,Notebook,15.6,1366x768,Intel Celeron Dual Core N3350 1.1GHz,4GB,4.0,500GB HDD,Intel HD Graphics 500,Windows 10,2.2,1.1,1366,768,0,0,Intel,Intel,22324.32
Lenovo,Notebook,15.6,Full HD 1920x1080,Intel Core i5 6200U 2.3GHz,4GB,4.0,500GB HDD,Intel HD Graphics 520,Windows 10,2.2,2.3,1920,1080,0,0,Intel,Intel,28504.8
HP,Notebook,15.6,1920x1080,Intel Core i3 6006U 2GHz,6GB,6.0,1TB HDD,AMD Radeon R5 M430,Windows 10,2.04,2.0,1920,1080,0,0,Intel,AMD,28717.92
MSI,Gaming,17.3,Full HD 1920x1080,Intel Core i7 7700HQ 2.8GHz,8GB,8.0,128GB SSD +  1TB HDD,Nvidia GeForce GTX 1060,Windows 10,2.7,2.8,1920,1080,0,0,Intel,Nvidia,79215.1056
Toshiba,Notebook,15.6,1366x768,Intel Core i3 6100U 2.1GHz,4GB,4.0,128GB SSD,Intel HD Graphics 520,Windows 10,2.1,2.1,1366,768,0,0,Intel,Intel,26533.44
HP,Notebook,15.6,Full HD 1920x1080,Intel Core i7 7500U 2.7GHz,8GB,8.0,1TB HDD,AMD Radeon 530,Windows 10,2.1,2.7,1920,1080,0,0,Intel,AMD,39693.6
Toshiba,Notebook,15.6,IPS Panel Full HD 1920x1080,Intel Core i5 7200U 2.5GHz,8GB,8.0,256GB SSD,Intel HD Graphics 620,Windows 10,2.0,2.5,1920,1080,0,1,Intel,Intel,67026.24
Acer,Notebook,15.6,1366x768,Intel Core i3 6006U 2GHz,4GB,4.0,128GB SSD,Intel HD Graphics 520,Linux,2.1,2.0,1366,768,0,0,Intel,Intel,21951.36
Microsoft,Ultrabook,13.5,Touchscreen 2256x1504,Intel Core i7 7600U 2.8GHz,8GB,8.0,256GB SSD,Intel Iris Plus Graphics 640,Windows 10 S,1.252,2.8,2256,1504,1,0,Intel,Intel,99519.048
Lenovo,Notebook,15.6,Full HD 1920x1080,Intel Core i5 7200U 2.5GHz,8GB,8.0,128GB SSD +  1TB HDD,AMD Radeon R5 M430,Windows 10,1.9,2.5,1920,1080,0,0,Intel,AMD,43580.376
Lenovo,2 in 1 Convertible,13.3,IPS Panel Full HD / Touchscreen 1920x1080,Intel Core i5 7200U 2.5GHz,8GB,8.0,256GB SSD,Intel HD Graphics 620,Windows 10,1.3,2.5,1920,1080,1,1,Intel,Intel,55091.52
Lenovo,Notebook,35.6,1366x768,AMD E-Series E2-9000 2.2GHz,4GB,4.0,128GB SSD,AMD Radeon R2 Graphics,Windows 10,2.2,2.2,1366,768,0,0,AMD,AMD,18594.72
HP,2 in 1 Convertible,14.0,IPS Panel Full HD / Touchscreen 1920x1080,Intel Core i3 7100U 2.4GHz,4GB,4.0,128GB SSD,Nvidia GeForce 940MX,Windows 10,1.63,2.4,1920,1080,1,1,Intel,Nvidia,37242.72
MSI,Gaming,15.6,Full HD 1920x1080,Intel Core i7 7700HQ 2.8GHz,16GB,16.0,256GB SSD +  1TB HDD,Nvidia GeForce GTX 1050,Windows 10,2.4,2.8,1920,1080,0,0,Intel,Nvidia,68944.32
Asus,Ultrabook,14.0,Full HD 1920x1080,Intel Core i5 7200U 2.5GHz,8GB,8.0,256GB SSD,Intel HD Graphics 620,Windows 10,1.1,2.5,1920,1080,0,0,Intel,Intel,60472.8
HP,2 in 1 Convertible,11.6,Touchscreen 1366x768,Intel Celeron Dual Core N3350 1.1GHz,8GB,8.0,64GB Flash Storage,Intel HD Graphics 500,Chrome OS,1.4,1.1,1366,768,1,0,Intel,Intel,26373.6
LG,Ultrabook,15.6,IPS Panel Full HD 1920x1080,Intel Core i7 8550U 1.8GHz,8GB,8.0,512GB SSD,Intel HD Graphics 620,Windows 10,1.09,1.8,1920,1080,0,1,Intel,Intel,122490.72
Acer,Gaming,15.6,Full HD 1920x1080,Intel Core i5 7300HQ 2.5GHz,16GB,16.0,256GB SSD,Nvidia GeForce GTX 1050 Ti,Windows 10,2.5,2.5,1920,1080,0,0,Intel,Nvidia,69210.72
MSI,Gaming,15.6,Full HD 1920x1080,Intel Core i5 7300HQ 2.5GHz,8GB,8.0,256GB SSD,Nvidia GeForce GTX 1050,Windows 10,2.2,2.5,1920,1080,0,0,Intel,Nvidia,53168.112
Asus,Notebook,15.6,1366x768,Intel Celeron Dual Core N3350 1.1GHz,4GB,4.0,128GB SSD,Intel HD Graphics 500,Windows 10,1.86,1.1,1366,768,0,0,Intel,Intel,22324.32
Dell,Gaming,15.6,Full HD 1920x1080,Intel Core i5 7300HQ 2.5GHz,16GB,16.0,128GB SSD +  1TB HDD,Nvidia GeForce GTX 1060,Windows 10,3.21,2.5,1920,1080,0,0,Intel,Nvidia,109277.28
HP,Notebook,17.3,IPS Panel Full HD 1920x1080,Intel Core i3 6006U 2GHz,4GB,4.0,256GB SSD,AMD Radeon R5 520,Windows 10,2.5,2.0,1920,1080,0,1,Intel,AMD,37242.72
Lenovo,2 in 1 Convertible,13.3,IPS Panel Full HD / Touchscreen 1920x1080,Intel Core i7 8550U 1.8GHz,8GB,8.0,512GB SSD,Intel UHD Graphics 620,Windows 10,1.19,1.8,1920,1080,1,1,Intel,Intel,79866.72
Dell,Gaming,15.6,Full HD 1920x1080,Intel Core i7 7820HK 2.9GHz,16GB,16.0,256GB SSD +  1TB HDD,Nvidia GeForce GTX 1070,Windows 10,3.49,2.9,1920,1080,0,0,Intel,Nvidia,149916.6
HP,Notebook,15.6,1366x768,Intel Core i5 7200U 2.5GHz,4GB,4.0,500GB HDD,AMD Radeon 520,Windows 10,1.86,2.5,1366,768,0,0,Intel,AMD,32639.8608
Dell,Notebook,15.6,1366x768,Intel Core i3 6006U 2GHz,4GB,4.0,1TB HDD,AMD Radeon R5 M430,Windows 10,2.2,2.0,1366,768,0,0,Intel,AMD,29073.2976
HP,Notebook,17.3,IPS Panel Full HD 1920x1080,AMD A10-Series 9600P 2.4GHz,6GB,6.0,2TB HDD,AMD Radeon R7 M440,Windows 10,2.65,2.4,1920,1080,0,1,AMD,AMD,30316.32
Lenovo,Notebook,15.6,1366x768,Intel Celeron Dual Core 3855U 1.6GHz,4GB,4.0,500GB HDD,Intel HD Graphics 510,Windows 10,2.1,1.6,1366,768,0,0,Intel,Intel,16943.04
Acer,Notebook,14.0,1366x768,Intel Celeron Dual Core 3855U 1.6GHz,4GB,4.0,32GB Flash Storage,Intel HD Graphics 510,Chrome OS,1.45,1.6,1366,768,0,0,Intel,Intel,19980.0
Lenovo,Notebook,14.0,Full HD 1920x1080,Intel Core i5 7200U 2.5GHz,4GB,4.0,256GB SSD,Intel HD Graphics 620,Windows 10,1.7,2.5,1920,1080,0,0,Intel,Intel,37242.72
HP,Workstation,17.3,Full HD 1920x1080,Intel Core i7 7700HQ 2.8GHz,8GB,8.0,500GB HDD,Nvidia Quadro M1200,Windows 10,3.14,2.8,1920,1080,0,0,Intel,Nvidia,101657.7072
Lenovo,2 in 1 Convertible,14.0,Touchscreen 2560x1440,Intel Core i7 7500U 2.7GHz,8GB,8.0,256GB SSD,Intel HD Graphics 620,Windows 10,1.42,2.7,2560,1440,1,0,Intel,Intel,137995.2
Toshiba,Notebook,13.3,IPS Panel Full HD 1920x1080,Intel Core i5 7200U 2.5GHz,8GB,8.0,256GB SSD,Intel HD Graphics 620,Windows 10,1.5,2.5,1920,1080,0,1,Intel,Intel,51841.44
Acer,Netbook,11.6,1366x768,Intel Celeron Dual Core N3050 1.6GHz,4GB,4.0,32GB Flash Storage,Intel HD Graphics,Windows 10,1.4,1.6,1366,768,0,0,Intel,Intel,14332.32
Lenovo,2 in 1 Convertible,14.0,Full HD / Touchscreen 1920x1080,Intel Core i7 7500U 2.7GHz,16GB,16.0,512GB SSD,Intel HD Graphics 620,Windows 10,1.38,2.7,1920,1080,1,0,Intel,Intel,93186.72
Asus,2 in 1 Convertible,12.5,Full HD / Touchscreen 1920x1080,Intel Core M M3-6Y30 0.9GHz,4GB,4.0,64GB Flash Storage,Intel HD Graphics 515,Chrome OS,1.2,0.9,1920,1080,1,0,Intel,Intel,35644.32
Toshiba,Ultrabook,13.3,Full HD / Touchscreen 1920x1080,Intel Core i7 6500U 2.5GHz,16GB,16.0,512GB SSD,Intel HD Graphics 520,Windows 10,1.36,2.5,1920,1080,1,0,Intel,Intel,100006.56
Dell,Gaming,15.6,Full HD 1920x1080,Intel Core i5 7300HQ 2.5GHz,8GB,8.0,1TB HDD,Nvidia GeForce GTX 1050,Windows 10,2.56,2.5,1920,1080,0,0,Intel,Nvidia,43636.32
Lenovo,Notebook,15.6,Full HD 1920x1080,AMD A9-Series 9420 2.9GHz,4GB,4.0,256GB SSD,AMD Radeon 530,Windows 10,2.2,2.9,1920,1080,0,0,AMD,AMD,21258.72
Lenovo,Notebook,15.6,1366x768,AMD A12-Series 9720P 3.6GHz,8GB,8.0,1TB HDD,AMD Radeon R7,Windows 10,2.2,3.6,1366,768,0,0,AMD,AMD,22857.12
Lenovo,Notebook,15.6,Full HD 1920x1080,Intel Core i5 7200U 2.5GHz,4GB,4.0,1TB HDD +  1TB HDD,Intel HD Graphics 620,Windows 10,2.1,2.5,1920,1080,0,0,Intel,Intel,33110.856
Lenovo,Notebook,15.6,1366x768,Intel Core i3 6006U 2GHz,4GB,4.0,500GB HDD,Intel HD Graphics 520,No OS,1.9,2.0,1366,768,0,0,Intel,Intel,23976.0
Dell,Notebook,15.6,Full HD 1920x1080,Intel Core i5 7200U 2.5GHz,8GB,8.0,256GB SSD,Intel HD Graphics 620,Windows 10,2.18,2.5,1920,1080,0,0,Intel,Intel,42357.6
Acer,2 in 1 Convertible,13.3,IPS Panel Full HD / Touchscreen 1920x1080,Intel Core i5 8250U 1.6GHz,1GB,1.0,256GB SSD,Intel UHD Graphics 620,Windows 10,1.6,1.6,1920,1080,1,1,Intel,Intel,53226.72
Lenovo,Workstation,15.6,Full HD 1920x1080,Intel Core i7 6500U 2.5GHz,16GB,16.0,512GB SSD,Nvidia Quadro M520M,Windows 7,2.18,2.5,1920,1080,0,0,Intel,Nvidia,98834.4
Lenovo,Notebook,14.0,Full HD 1920x1080,Intel Core i5 6300HQ 2.3GHz,8GB,8.0,256GB SSD,Intel HD Graphics 520,Windows 10,1.8,2.3,1920,1080,0,0,Intel,Intel,63456.48
HP,Notebook,17.3,IPS Panel Full HD 1920x1080,AMD A10-Series 9620P 2.5GHz,6GB,6.0,2TB HDD,AMD Radeon 530,Windows 10,2.71,2.5,1920,1080,0,1,AMD,AMD,34898.9328
Lenovo,Gaming,15.6,IPS Panel Full HD 1920x1080,Intel Core i7 7700HQ 2.8GHz,8GB,8.0,128GB SSD +  1TB HDD,Nvidia GeForce GTX 1050 Ti,Windows 10,2.5,2.8,1920,1080,0,1,Intel,Nvidia,66546.72
Dell,Notebook,14.0,Full HD 1920x1080,Intel Core i5 7440HQ 2.8GHz,8GB,8.0,256GB SSD,Nvidia GeForce 930MX,Linux,1.64,2.8,1920,1080,0,0,Intel,Nvidia,58021.92
Dell,Notebook,15.6,Full HD 1920x1080,Intel Core i5 7200U 2.5GHz,8GB,8.0,1TB HDD,Intel HD Graphics 620,Linux,1.98,2.5,1920,1080,0,0,Intel,Intel,38681.28
Asus,Notebook,14.0,Full HD 1920x1080,Intel Celeron Dual Core N3350 1.1GHz,4GB,4.0,32GB Flash Storage,Intel HD Graphics 500,Windows 10,1.5,1.1,1920,1080,0,0,Intel,Intel,15877.44
Dell,Notebook,15.6,Full HD 1920x1080,Intel Core i5 7300U 2.6GHz,16GB,16.0,512GB SSD,Intel HD Graphics 620,Windows 10,1.93,2.6,1920,1080,0,0,Intel,Intel,76012.4448
Lenovo,Notebook,14.0,IPS Panel Full HD 1920x1080,Intel Core i5 7200U 2.5GHz,8GB,8.0,256GB SSD,Nvidia GeForce 920MX,Windows 10,1.87,2.5,1920,1080,0,1,Intel,Nvidia,45664.6896
Dell,Notebook,15.6,Full HD 1920x1080,Intel Core i5 7300U 2.6GHz,8GB,8.0,256GB SSD,Intel HD Graphics 620,Windows 10,1.9,2.6,1920,1080,0,0,Intel,Intel,62817.12
Lenovo,Notebook,15.6,1366x768,AMD A6-Series 7310 2GHz,4GB,4.0,500GB HDD,AMD Radeon R4,Windows 10,2.19,2.0,1366,768,0,0,AMD,AMD,15877.44
Mediacom,Notebook,14.0,IPS Panel Full HD 1920x1200,Intel Atom Z8350 1.92GHz,4GB,4.0,32GB HDD,Intel HD Graphics 400,Windows 10,1.4,1.92,1920,1200,0,1,Intel,Intel,14119.2
HP,Notebook,17.3,Full HD 1920x1080,Intel Core i7 7500U 2.7GHz,8GB,8.0,256GB SSD,Nvidia GeForce 930MX,Windows 10,2.63,2.7,1920,1080,0,0,Intel,Nvidia,63936.0
Lenovo,Ultrabook,14.0,IPS Panel Quad HD+ 2560x1440,Intel Core i7 6500U 2.5GHz,64GB,64.0,512GB SSD,Intel HD Graphics 520,Windows 10,1.17,2.5,2560,1440,0,1,Intel,Intel,89864.1792
HP,2 in 1 Convertible,13.3,IPS Panel Touchscreen 1366x768,Intel Core i5 7200U 2.5GHz,8GB,8.0,256GB SSD,Intel HD Graphics 620,Windows 10,1.58,2.5,1366,768,1,1,Intel,Intel,44574.048
Lenovo,Ultrabook,14.0,IPS Panel Full HD 1920x1080,Intel Core i5 7200U 2.5GHz,8GB,8.0,256GB SSD,Intel HD Graphics 620,Windows 10,1.32,2.5,1920,1080,0,1,Intel,Intel,79866.72
Dell,Gaming,17.3,4K Ultra HD 3840x2160,Intel Core i7 7700HQ 2.8GHz,32GB,32.0,1TB SSD +  1TB HDD,Nvidia GeForce GTX 1070,Windows 10,4.36,2.8,3840,2160,0,0,Intel,Nvidia,194972.832
MSI,Gaming,17.3,Full HD 1920x1080,Intel Core i7 7700HQ 2.8GHz,8GB,8.0,128GB SSD +  1TB HDD,Nvidia GeForce GTX 1050 Ti,Windows 10,2.7,2.8,1920,1080,0,0,Intel,Nvidia,71847.0144
Lenovo,Notebook,15.6,1366x768,Intel Core i5 7200U 2.5GHz,4GB,4.0,1TB HDD,Intel HD Graphics 620,No OS,1.9,2.5,1366,768,0,0,Intel,Intel,26101.872
Dell,2 in 1 Convertible,13.3,Full HD / Touchscreen 1920x1080,Intel Core i3 7100U 2.4GHz,4GB,4.0,1TB HDD,Intel HD Graphics 620,Windows 10,1.71,2.4,1920,1080,1,0,Intel,Intel,34578.72
Dell,Notebook,15.6,1366x768,Intel Core i5 7200U 2.5GHz,8GB,8.0,1TB HDD,AMD Radeon R7 M445,Linux,2.32,2.5,1366,768,0,0,Intel,AMD,31409.6256
HP,Notebook,15.6,Full HD 1920x1080,AMD A9-Series 9420 3GHz,4GB,4.0,1TB HDD,AMD Radeon 520,Windows 10,2.1,3.0,1920,1080,0,0,AMD,AMD,26053.92
Acer,Gaming,17.3,IPS Panel Full HD 1920x1080,Intel Core i7 6700HQ 2.6GHz,16GB,16.0,128GB SSD +  1TB HDD,Nvidia GeForce GTX 1060,Windows 10,4.2,2.6,1920,1080,0,1,Intel,Nvidia,103096.8
Dell,Notebook,15.6,1366x768,Intel Core i5 7200U 2.5GHz,12GB,12.0,1TB HDD,Intel HD Graphics 620,Windows 10,2.25,2.5,1366,768,0,0,Intel,Intel,34578.72
HP,Notebook,15.6,Full HD 1920x1080,AMD A9-Series A9-9420 3GHz,6GB,6.0,128GB SSD +  1TB HDD,AMD Radeon 520,Windows 10,2.1,3.0,1920,1080,0,0,AMD,AMD,34632.0
Acer,Notebook,15.6,1366x768,Intel Core i5 7200U 2.5GHz,4GB,4.0,500GB HDD,Intel HD Graphics 620,Windows 10,2.4,2.5,1366,768,0,0,Intel,Intel,29783.52
Lenovo,Notebook,13.3,IPS Panel Full HD 1920x1080,Intel Core i5 7200U 2.5GHz,8GB,8.0,256GB SSD,Intel HD Graphics 620,Windows 10,1.44,2.5,1920,1080,0,1,Intel,Intel,51148.8
Lenovo,Notebook,15.6,Full HD 1920x1080,Intel Core i7 7500U 2.7GHz,4GB,4.0,1TB HDD,Intel HD Graphics 620,Windows 10,1.85,2.7,1920,1080,0,0,Intel,Intel,41505.12
HP,Workstation,15.6,Full HD 1920x1080,Intel Core i7 7700HQ 2.8GHz,16GB,16.0,256GB SSD,Nvidia Quadro M2200,Windows 10,2.6,2.8,1920,1080,0,0,Intel,Nvidia,128884.32
Dell,2 in 1 Convertible,13.3,Full HD / Touchscreen 1920x1080,Intel Core i5 8250U 1.6GHz,8GB,8.0,1TB HDD,Intel UHD Graphics 620,Windows 10,1.55,1.6,1920,1080,1,0,Intel,Intel,35111.52
MSI,Gaming,15.6,Full HD 1920x1080,Intel Core i7 7700HQ 2.8GHz,16GB,16.0,256GB SSD +  1TB HDD,Nvidia GeForce GTX 1060,Windows 10,1.8,2.8,1920,1080,0,0,Intel,Nvidia,111593.8944
Acer,Notebook,15.6,1366x768,Intel Core i3 6006U 2GHz,4GB,4.0,500GB HDD,Intel HD Graphics 520,Windows 10,2.4,2.0,1366,768,0,0,Intel,Intel,21887.424
Dell,Notebook,15.6,Full HD 1920x1080,Intel Core i7 7500U 2.7GHz,8GB,8.0,128GB SSD +  1TB HDD,Nvidia GeForce 940MX,Windows 10,2.0,2.7,1920,1080,0,0,Intel,Nvidia,64308.96
Dell,Notebook,15.6,1366x768,Intel Core i3 6006U 2GHz,8GB,8.0,256GB SSD,Intel HD Graphics 520,Windows 10,2.0,2.0,1366,768,0,0,Intel,Intel,35431.2
Toshiba,Notebook,14.0,IPS Panel Full HD / Touchscreen 1920x1080,Intel Core i5 7200U 2.5GHz,8GB,8.0,256GB SSD,Intel HD Graphics 620,Windows 10,1.25,2.5,1920,1080,1,1,Intel,Intel,81784.8
Lenovo,2 in 1 Convertible,14.0,Full HD / Touchscreen 1920x1080,Intel Core i5 7200U 2.5GHz,8GB,8.0,256GB SSD,Intel HD Graphics 620,Windows 10,1.7,2.5,1920,1080,1,0,Intel,Intel,53226.72
Lenovo,Workstation,15.6,IPS Panel 4K Ultra HD 3840x2160,Intel Core i7 7600U 2.8GHz,16GB,16.0,1TB SSD,Nvidia Quadro M520M,Windows 10,2.5,2.8,3840,2160,0,1,Intel,Nvidia,175770.72
Acer,Notebook,14.0,1366x768,Intel Celeron Dual Core N3060 1.6GHz,2GB,2.0,32GB Flash Storage,Intel HD Graphics 400,Chrome OS,1.68,1.6,1366,768,0,0,Intel,Intel,17582.4
Samsung,Ultrabook,13.3,Full HD 1920x1080,Intel Core i7 7500U 2.7GHz,16GB,16.0,256GB SSD,Intel HD Graphics 620,Windows 10,0.81,2.7,1920,1080,0,0,Intel,Intel,87858.72
Dell,Notebook,14.0,1366x768,Intel Core i5 7200U 2.5GHz,8GB,8.0,256GB SSD,Intel HD Graphics 620,Windows 10,1.6,2.5,1366,768,0,0,Intel,Intel,60031.1088
HP,Workstation,17.3,IPS Panel Full HD 1920x1080,Intel Xeon E3-1535M v5 2.9GHz,16GB,16.0,256GB SSD,Nvidia Quadro M2000M,Windows 7,3.0,2.9,1920,1080,0,1,Intel,Nvidia,233845.92
Lenovo,Netbook,11.6,Touchscreen 1366x768,Intel Celeron Dual Core N3060 1.6GHz,4GB,4.0,128GB SSD,Intel HD Graphics 400,Windows 10,1.4,1.6,1366,768,1,0,Intel,Intel,25308.0
HP,Notebook,15.6,Full HD 1920x1080,Intel Core i5 6300U 2.4GHz,8GB,8.0,256GB SSD,Intel HD Graphics 520,Windows 10,1.84,2.4,1920,1080,0,0,Intel,Intel,101232.0
Asus,Notebook,15.6,1366x768,Intel Core i5 6300HQ 2.3GHz,4GB,4.0,1TB HDD,Nvidia GeForce GTX 950M,No OS,2.45,2.3,1366,768,0,0,Intel,Nvidia,30849.12
Asus,Notebook,15.6,1366x768,Intel Core i7 7500U 2.7GHz,4GB,4.0,256GB SSD,Intel HD Graphics 620,Windows 10,2.37,2.7,1366,768,0,0,Intel,Intel,45282.672
Lenovo,2 in 1 Convertible,13.3,IPS Panel Quad HD+ / Touchscreen 3200x1800,Intel Core i5 6260U 1.8GHz,8GB,8.0,256GB SSD,Intel HD Graphics 540,Windows 10,1.3,1.8,3200,1800,1,1,Intel,Intel,63882.72
HP,Notebook,15.6,IPS Panel Full HD 1920x1080,Intel Core i5 7300HQ 2.5GHz,8GB,8.0,128GB SSD +  1TB HDD,Nvidia GeForce GTX 1050,Windows 10,2.2,2.5,1920,1080,0,1,Intel,Nvidia,58554.72
HP,Workstation,15.6,Full HD 1920x1080,Intel Core i7 6700HQ 2.6GHz,8GB,8.0,256GB SSD,Nvidia Quadro M1000M,Windows 7,2.59,2.6,1920,1080,0,0,Intel,Nvidia,83170.08
Dell,Gaming,15.6,IPS Panel 4K Ultra HD 3840x2160,Intel Core i7 7700HQ 2.8GHz,16GB,16.0,256GB SSD +  1TB HDD,Nvidia GeForce GTX 1070,Windows 10,4.42,2.8,3840,2160,0,1,Intel,Nvidia,152859.7872
Acer,Notebook,15.6,1366x768,Intel Core i5 7200U 2.5GHz,4GB,4.0,256GB SSD,Intel HD Graphics 620,Windows 10,2.1,2.5,1366,768,0,0,Intel,Intel,31914.72
Lenovo,Gaming,15.6,IPS Panel Full HD 1920x1080,Intel Core i7 7700HQ 2.8GHz,8GB,8.0,128GB SSD +  1TB HDD,Nvidia GeForce GTX 1050,Windows 10,2.5,2.8,1920,1080,0,1,Intel,Nvidia,55837.44
Dell,Ultrabook,12.5,Full HD 1920x1080,Intel Core i7 7600U 2.8GHz,16GB,16.0,256GB SSD,Intel HD Graphics 620,Windows 10,1.18,2.8,1920,1080,0,0,Intel,Intel,99047.52
Google,Ultrabook,12.3,Touchscreen 2400x1600,Intel Core i5 7Y57 1.2GHz,8GB,8.0,256GB SSD,Intel HD Graphics 615,Chrome OS,1.1,1.2,2400,1600,1,0,Intel,Intel,83063.52
Asus,Ultrabook,13.3,IPS Panel Quad HD+ 3200x1800,Intel Core i5 7200U 2.5GHz,8GB,8.0,256GB SSD,Intel HD Graphics 620,Windows 10,1.2,2.5,3200,1800,0,1,Intel,Intel,60153.12
Dell,Notebook,13.3,1366x768,Intel Core i3 6006U 2GHz,4GB,4.0,500GB HDD,Intel HD Graphics 520,Windows 10,1.65,2.0,1366,768,0,0,Intel,Intel,45234.72
Acer,Notebook,13.3,1366x768,Intel Core i5 6200U 2.3GHz,4GB,4.0,128GB SSD,Intel HD Graphics 520,Windows 10,1.6,2.3,1366,768,0,0,Intel,Intel,34898.4
Asus,Notebook,17.3,1366x768,Intel Pentium Quad Core N4200 1.1GHz,4GB,4.0,1TB HDD,Nvidia GeForce 920MX,Windows 10,2.8,1.1,1366,768,0,0,Intel,Nvidia,25059.7152
Dell,Gaming,15.6,IPS Panel Touchscreen / 4K Ultra HD 3840x2160,Intel Core i7 6700HQ 2.6GHz,16GB,16.0,128GB SSD +  1TB HDD,Nvidia GeForce GTX 960M,Windows 10,2.72,2.6,3840,2160,1,1,Intel,Nvidia,58554.72
Samsung,Ultrabook,13.3,Full HD / Touchscreen 1920x1080,Intel Core i7 7500U 2.7GHz,8GB,8.0,256GB SSD,Intel HD Graphics 620,Windows 10,1.31,2.7,1920,1080,1,0,Intel,Intel,85194.72
Acer,Notebook,15.6,1366x768,Intel Pentium Quad Core N4200 1.1GHz,4GB,4.0,1TB HDD,Intel HD Graphics 505,Linux,2.1,1.1,1366,768,0,0,Intel,Intel,15877.44
Dell,Notebook,15.6,Full HD 1920x1080,Intel Core i7 7500U 2.7GHz,16GB,16.0,?,AMD Radeon R7 M445,Windows 10,2.3,2.7,1920,1080,0,0,Intel,AMD,62938.0656
Samsung,2 in 1 Convertible,15.0,Full HD / Touchscreen 1920x1080,Intel Core i7 7500U 2.7GHz,16GB,16.0,256GB SSD,AMD Radeon 540,Windows 10,1.71,2.7,1920,1080,1,0,Intel,AMD,95850.72
Toshiba,Notebook,14.0,IPS Panel 1366x768,Intel Core i5 6200U 2.3GHz,4GB,4.0,128GB SSD,Intel HD Graphics 520,Windows 10,1.75,2.3,1366,768,0,1,Intel,Intel,54345.6
Dell,Gaming,15.6,Full HD 1920x1080,Intel Core i7 7700HQ 2.8GHz,8GB,8.0,1TB HDD,Nvidia GeForce GTX 1050,Windows 10,2.62,2.8,1920,1080,0,0,Intel,Nvidia,58554.72
Asus,2 in 1 Convertible,15.6,Full HD / Touchscreen 1920x1080,Intel Core i7 7500U 2.7GHz,12GB,12.0,2TB HDD,Nvidia GeForce 940MX,Windows 10,2.3,2.7,1920,1080,1,0,Intel,Nvidia,44701.92
Lenovo,Notebook,15.6,4K Ultra HD 3840x2160,Intel Core i7 6820HQ 2.7GHz,16GB,16.0,512GB SSD,Nvidia Quadro M2000M,Windows 7,2.5,2.7,3840,2160,0,0,Intel,Nvidia,126273.6
Acer,Notebook,14.0,IPS Panel Full HD 1920x1080,Intel Core i3 7100U 2.4GHz,4GB,4.0,128GB SSD,Intel HD Graphics 620,Windows 10,1.8,2.4,1920,1080,0,1,Intel,Intel,33886.08
Razer,Gaming,14.0,Full HD 1920x1080,Intel Core i7 7700HQ 2.8GHz,16GB,16.0,512GB SSD,Nvidia GeForce GTX 1060,Windows 10,1.95,2.8,1920,1080,0,0,Intel,Nvidia,154458.72
Asus,Notebook,15.6,1920x1080,Intel Pentium Dual Core N4200 1.1GHz,8GB,8.0,128GB SSD,Intel HD Graphics 505,Windows 10,2.0,1.1,1920,1080,0,0,Intel,Intel,31003.632
Dell,Gaming,17.3,IPS Panel Full HD 1920x1080,Intel Core i7 7700HQ 2.8GHz,32GB,32.0,1TB SSD +  1TB HDD,Nvidia GeForce GTX 1070M,Windows 10,4.42,2.8,1920,1080,0,1,Intel,Nvidia,191211.264
Asus,Gaming,17.3,IPS Panel Full HD 1920x1080,Intel Core i7 6700HQ 2.6GHz,16GB,16.0,256GB SSD +  1TB HDD,Nvidia GeForce GTX 1070,Windows 10,4.3,2.6,1920,1080,0,1,Intel,Nvidia,125208.0
Toshiba,Ultrabook,14.0,IPS Panel Full HD 1920x1080,Intel Core i7 6600U 2.6GHz,16GB,16.0,512GB SSD,Nvidia GeForce 930M,Windows 10,1.47,2.6,1920,1080,0,1,Intel,Nvidia,93985.92
Lenovo,Notebook,15.6,1366x768,Intel Celeron Quad Core N3710 1.6GHz,8GB,8.0,1TB HDD,Intel HD Graphics 405,No OS,2.2,1.6,1366,768,0,0,Intel,Intel,17529.12
Lenovo,Ultrabook,14.0,Full HD 1920x1080,Intel Core i7 7500U 2.7GHz,16GB,16.0,512GB SSD,Intel HD Graphics 620,Windows 10,1.7,2.7,1920,1080,0,0,Intel,Intel,122490.72
MSI,Gaming,14.0,IPS Panel Full HD 1920x1080,Intel Core i7 7700HQ 2.8GHz,16GB,16.0,256GB SSD +  1TB HDD,Nvidia GeForce GTX 1060,Windows 10,1.6,2.8,1920,1080,0,1,Intel,Nvidia,100752.48
MSI,Gaming,15.6,Full HD 1920x1080,Intel Core i5 7300HQ 2.5GHz,8GB,8.0,128GB SSD +  1TB HDD,Nvidia GeForce GTX 1050,Windows 10,2.2,2.5,1920,1080,0,0,Intel,Nvidia,58021.92
Lenovo,Gaming,15.6,IPS Panel Full HD 1920x1080,Intel Core i7 7700HQ 2.8GHz,4GB,4.0,1TB HDD,Nvidia GeForce GTX 1050,Windows 10,2.4,2.8,1920,1080,0,1,Intel,Nvidia,53226.72
Acer,Gaming,17.3,IPS Panel Full HD 1920x1080,Intel Core i7 7700HQ 2.8GHz,16GB,16.0,256GB SSD +  1TB HDD,Nvidia GeForce GTX 1060,Windows 10,4.2,2.8,1920,1080,0,1,Intel,Nvidia,122490.72
Dell,Gaming,15.6,Full HD 1920x1080,Intel Core i5 7300HQ 2.5GHz,8GB,8.0,256GB SSD,Nvidia GeForce GTX 1050,Windows 10,2.62,2.5,1920,1080,0,0,Intel,Nvidia,52480.8
Asus,Gaming,15.6,Full HD 1920x1080,Intel Core i7 7700HQ 2.8GHz,8GB,8.0,128GB SSD +  1TB HDD,Nvidia GeForce GTX1060,Windows 10,2.24,2.8,1920,1080,0,0,Intel,Nvidia,71341.92
Vero,Notebook,14.0,1920x1080,Intel Celeron Dual Core N3350 1.1GHz,4GB,4.0,32GB Flash Storage,Intel HD Graphics 500,Windows 10,1.22,1.1,1920,1080,0,0,Intel,Intel,10810.512
Lenovo,2 in 1 Convertible,13.3,IPS Panel Full HD / Touchscreen 1920x1080,Intel Core i7 7500U 2.7GHz,8GB,8.0,512GB SSD,Intel HD Graphics 620,Windows 10,1.37,2.7,1920,1080,1,1,Intel,Intel,104961.6
Lenovo,2 in 1 Convertible,15.6,Full HD / Touchscreen 1920x1080,Intel Core i5 7200U 2.5GHz,8GB,8.0,256GB SSD,AMD Radeon R7 M460,Windows 10,2.08,2.5,1920,1080,1,0,Intel,AMD,51095.52
Apple,Ultrabook,12.0,IPS Panel Retina Display 2304x1440,Intel Core M 1.2GHz,8GB,8.0,512GB Flash Storage,Intel HD Graphics 5300,Mac OS X,0.92,1.2,2304,1440,0,1,Intel,Intel,62071.2
Lenovo,2 in 1 Convertible,14.0,IPS Panel Touchscreen 2560x1440,Intel Core i5 7200U 2.5GHz,8GB,8.0,256GB SSD,Intel HD Graphics 620,Windows 10,1.42,2.5,2560,1440,1,1,Intel,Intel,124142.4
Asus,Notebook,14.0,1366x768,Intel Celeron Dual Core N3350 1.1GHz,4GB,4.0,32GB Flash Storage,Intel HD Graphics 500,Windows 10,1.63,1.1,1366,768,0,0,Intel,Intel,15930.72
Dell,Notebook,15.6,1366x768,Intel Core i5 7200U 2.5GHz,8GB,8.0,128GB SSD,Intel HD Graphics 620,Windows 10,1.95,2.5,1366,768,0,0,Intel,Intel,43156.8
Lenovo,2 in 1 Convertible,13.9,IPS Panel Full HD / Touchscreen 1920x1080,Intel Core i7 7500U 2.7GHz,8GB,8.0,256GB SSD,Intel HD Graphics 620,Windows 10,1.38,2.7,1920,1080,1,1,Intel,Intel,71874.72
Dell,Notebook,15.6,Full HD 1920x1080,Intel Core i3 6006U 2GHz,8GB,8.0,256GB SSD,AMD Radeon R5 M420X,Windows 10,2.0,2.0,1920,1080,0,0,Intel,AMD,39373.92
HP,Workstation,15.6,Full HD 1920x1080,Intel Core i7 7700HQ 2.8GHz,8GB,8.0,256GB SSD,Nvidia Quadro M2200,Windows 10,3.14,2.8,1920,1080,0,0,Intel,Nvidia,110017.872
Asus,Notebook,15.6,Full HD 1920x1080,Intel Core i5 7200U 2.5GHz,8GB,8.0,256GB SSD,Intel HD Graphics 620,Windows 10,2.37,2.5,1920,1080,0,0,Intel,Intel,58554.72
Dell,Ultrabook,13.3,Full HD 1920x1080,Intel Core i5 7200U 2.5GHz,8GB,8.0,256GB SSD,Intel HD Graphics 620,Windows 10,1.29,2.5,1920,1080,0,0,Intel,Intel,79866.72
Dell,Notebook,15.6,4K Ultra HD / Touchscreen 3840x2160,Intel Core i5 7300HQ 2.5GHz,8GB,8.0,256GB SSD,Nvidia GeForce GTX 1050,Windows 10,2.06,2.5,3840,2160,1,0,Intel,Nvidia,93186.72
Dell,Netbook,11.6,1366x768,Intel Pentium Quad Core N4200 1.1GHz,4GB,4.0,128GB SSD,Intel HD Graphics 505,Windows 10,1.63,1.1,1366,768,0,0,Intel,Intel,39640.32
HP,Netbook,12.5,1366x768,Intel Core i5 7300U 2.6GHz,8GB,8.0,256GB SSD,Intel HD Graphics 620,Windows 10,1.26,2.6,1366,768,0,0,Intel,Intel,74005.92
Toshiba,Notebook,15.6,1366x768,Intel Core i5 6200U 2.3GHz,4GB,4.0,500GB HDD,Intel HD Graphics 520,Windows 10,2.1,2.3,1366,768,0,0,Intel,Intel,41558.4
HP,Notebook,15.6,1366x768,AMD A12-Series 9700P 2.5GHz,8GB,8.0,2TB HDD,AMD Radeon R7 Graphics,Windows 10,2.04,2.5,1366,768,0,0,AMD,AMD,33513.12
Dell,Gaming,15.6,4K Ultra HD 3840x2160,Intel Core i7 7700HQ 2.8GHz,16GB,16.0,512GB SSD,Nvidia GeForce GTX 1050 Ti,Windows 10,2.62,2.8,3840,2160,0,0,Intel,Nvidia,89457.12
Lenovo,Notebook,15.6,Full HD 1920x1080,Intel Core i5 7200U 2.5GHz,4GB,4.0,1TB HDD,Nvidia GeForce 920M,Windows 10,2.4,2.5,1920,1080,0,0,Intel,Nvidia,32447.52
HP,Gaming,17.3,IPS Panel Full HD 1920x1080,Intel Core i7 7700HQ 2.8GHz,12GB,12.0,1TB HDD,AMD Radeon RX 580,Windows 10,3.74,2.8,1920,1080,0,1,Intel,AMD,93186.72
MSI,Gaming,17.3,Full HD 1920x1080,Intel Core i7 7700HQ 2.8GHz,16GB,16.0,512GB SSD +  1TB HDD,Nvidia GeForce GTX 1070,Windows 10,2.9,2.8,1920,1080,0,0,Intel,Nvidia,128671.2
Samsung,Ultrabook,13.3,Full HD 1920x1080,Intel Core i5 7200U 2.5GHz,8GB,8.0,256GB SSD,Intel HD Graphics 620,Windows 10,0.81,2.5,1920,1080,0,0,Intel,Intel,79866.72
Dell,Notebook,15.6,Full HD 1920x1080,Intel Core i7 7500U 2.7GHz,8GB,8.0,1TB HDD,Nvidia GeForce GT 940MX,Windows 10,1.98,2.7,1920,1080,0,0,Intel,Nvidia,51202.08
Dell,Notebook,15.6,Full HD 1920x1080,Intel Core i5 7200U 2.5GHz,8GB,8.0,256GB SSD,AMD Radeon R5 M420,Windows 10,2.18,2.5,1920,1080,0,0,Intel,AMD,42081.0768
Lenovo,Ultrabook,14.0,Full HD 1920x1080,Intel Core i7 7500U 2.7GHz,8GB,8.0,256GB SSD,Intel HD Graphics 620,Windows 10,1.32,2.7,1920,1080,0,0,Intel,Intel,99047.52
Razer,Ultrabook,12.5,IPS Panel 4K Ultra HD / Touchscreen 3840x2160,Intel Core i7 7500U 2.5GHz,16GB,16.0,512GB SSD,Intel HD Graphics 620,Windows 10,1.29,2.5,3840,2160,1,1,Intel,Intel,95850.72
HP,Netbook,11.6,1366x768,Intel Celeron Dual Core N3060 1.6GHz,4GB,4.0,16GB Flash Storage,Intel HD Graphics 400,Chrome OS,1.23,1.6,1366,768,0,0,Intel,Intel,20512.8
Dell,Gaming,17.3,IPS Panel Full HD 1920x1080,Intel Core i7 7700HQ 2.8GHz,16GB,16.0,128GB SSD +  1TB HDD,Nvidia GeForce GTX 1060,Windows 10,4.36,2.8,1920,1080,0,1,Intel,Nvidia,133467.4656
Dell,Notebook,14.0,1366x768,Intel Core i5 6200U 2.3GHz,4GB,4.0,500GB HDD,Intel HD Graphics 520,Windows 10,1.76,2.3,1366,768,0,0,Intel,Intel,40226.4
Lenovo,Notebook,15.6,1366x768,Intel Core i3 6006U 2GHz,4GB,4.0,500GB HDD,Intel HD Graphics 520,Windows 10,2.1,2.0,1366,768,0,0,Intel,Intel,26101.872
Toshiba,Ultrabook,14.0,1366x768,Intel Core i5 7200U 2.5GHz,4GB,4.0,128GB SSD,Intel HD Graphics 620,Windows 10,1.25,2.5,1366,768,0,0,Intel,Intel,58075.2
Lenovo,Ultrabook,14.0,IPS Panel Full HD 1920x1080,Intel Core i7 7500U 2.7GHz,8GB,8.0,512GB SSD,Intel HD Graphics 620,Windows 10,1.13,2.7,1920,1080,0,1,Intel,Intel,133146.72
MSI,Gaming,15.6,Full HD 1920x1080,Intel Core i5 7300HQ 2.5GHz,8GB,8.0,256GB SSD,Nvidia GeForce GTX 1050,Windows 10,2.4,2.5,1920,1080,0,0,Intel,Nvidia,63882.72
Lenovo,Ultrabook,14.0,IPS Panel Full HD 1920x1080,Intel Core i5 7200U 2.5GHz,8GB,8.0,256GB Flash Storage,Intel HD Graphics 620,Windows 10,1.13,2.5,1920,1080,0,1,Intel,Intel,99900.0
Toshiba,Notebook,14.0,1366x768,Intel Pentium Dual Core 4405U 2.1GHz,4GB,4.0,128GB SSD,Intel HD Graphics 510,Windows 10,1.75,2.1,1366,768,0,0,Intel,Intel,26586.72
Asus,2 in 1 Convertible,13.3,Touchscreen / Full HD 1920x1080,Intel Core i5 7200U 2.5GHz,8GB,8.0,256GB SSD,Intel HD Graphics 620,Windows 10,1.1,2.5,1920,1080,1,0,Intel,Intel,72354.24
Dell,Notebook,14.0,1366x768,Intel Core i3 6006U 2GHz,4GB,4.0,500GB HDD,Intel HD Graphics 520,Windows 10,1.76,2.0,1366,768,0,0,Intel,Intel,31168.8
Acer,Netbook,11.6,IPS Panel 1366x768,Intel Celeron Dual Core N3060 1.6GHz,4GB,4.0,32GB Flash Storage,Intel HD Graphics 400,Chrome OS,1.35,1.6,1366,768,0,1,Intel,Intel,18914.4
Acer,Notebook,14.0,IPS Panel Full HD 1920x1080,Intel Core i3 7100U 2.4GHz,8GB,8.0,128GB SSD,Intel HD Graphics 620,Windows 10,1.5,2.4,1920,1080,0,1,Intel,Intel,32980.32
Razer,Gaming,17.3,4K Ultra HD / Touchscreen 3840x2160,Intel Core i7 7820HK 2.9GHz,32GB,32.0,512GB SSD,Nvidia GeForce GTX 1080,Windows 10,3.49,2.9,3840,2160,1,0,Intel,Nvidia,292986.72
Lenovo,Ultrabook,14.0,IPS Panel Quad HD+ 2560x1440,Intel Core i7 6600U 2.6GHz,16GB,16.0,512GB SSD,Intel HD Graphics 520,Windows 10,1.1,2.6,2560,1440,0,1,Intel,Intel,111834.72
Asus,Notebook,15.6,Full HD 1920x1080,Intel Core i5 7200U 2.5GHz,4GB,4.0,1TB HDD,Nvidia GeForce 920,Linux,2.1,2.5,1920,1080,0,0,Intel,Nvidia,27652.32
Lenovo,Notebook,14.0,Full HD 1920x1080,Intel Core i5 6200U 2.3GHz,8GB,8.0,256GB SSD,Intel HD Graphics 520,Windows 10,1.7,2.3,1920,1080,0,0,Intel,Intel,63190.08
Lenovo,Notebook,14.0,IPS Panel Full HD 1920x1080,Intel Core i5 7300U 2.6GHz,8GB,8.0,256GB SSD,Intel HD Graphics 620,Windows 10,1.32,2.6,1920,1080,0,1,Intel,Intel,87912.0
Dell,Gaming,15.6,Full HD 1920x1080,Intel Core i7 7700HQ 2.8GHz,16GB,16.0,256GB SSD +  1TB HDD,Nvidia GeForce GTX 1070,Windows 10,3.21,2.8,1920,1080,0,0,Intel,Nvidia,147832.2864
Asus,Gaming,17.3,Full HD 1920x1080,Intel Core i7 7700HQ 2.8GHz,16GB,16.0,256GB SSD +  1TB HDD,Nvidia GeForce GTX 1070,Windows 10,2.9,2.8,1920,1080,0,0,Intel,Nvidia,128884.32
Toshiba,Notebook,15.6,1366x768,Intel Core i3 7100U 2.4GHz,4GB,4.0,500GB HDD,Intel HD Graphics 620,Windows 10,2.0,2.4,1366,768,0,0,Intel,Intel,35644.32
Lenovo,Notebook,14.0,1366x768,Intel Celeron Quad Core N3160 1.6GHz,4GB,4.0,16GB Flash Storage,Intel HD Graphics 400,Chrome OS,1.5,1.6,1366,768,0,0,Intel,Intel,17316.0
Asus,Notebook,15.6,Full HD 1920x1080,Intel Core i5 7200U 2.5GHz,8GB,8.0,128GB HDD,Intel HD Graphics 620,Windows 10,2.3,2.5,1920,1080,0,0,Intel,Intel,31435.2
Asus,Gaming,17.3,Full HD 1920x1080,Intel Core i7 6700HQ 2.6GHz,16GB,16.0,512GB SSD +  1TB HDD,Nvidia GeForce GTX 1060,Windows 10,2.73,2.6,1920,1080,0,0,Intel,Nvidia,95850.72
Dell,Gaming,17.3,IPS Panel Full HD 1920x1080,Intel Core i7 7700HQ 2.8GHz,32GB,32.0,512GB SSD +  1TB HDD,Nvidia GeForce GTX 1070,Windows 10,4.42,2.8,1920,1080,0,1,Intel,Nvidia,163723.5792
HP,Notebook,17.3,1600x900,Intel Core i5 7200U 2.5GHz,8GB,8.0,1TB HDD,Nvidia GeForce 930MX,Windows 10,2.63,2.5,1600,900,0,0,Intel,Nvidia,48484.8
Dell,Notebook,15.6,1366x768,Intel Core i5 7200U 2.5GHz,8GB,8.0,128GB SSD,Intel HD Graphics 620,Windows 10,2.18,2.5,1366,768,0,0,Intel,Intel,38041.3872
HP,Ultrabook,14.0,Full HD 1920x1080,Intel Core i7 6500U 2.5GHz,8GB,8.0,512GB SSD,Intel HD Graphics 520,Windows 7,1.54,2.5,1920,1080,0,0,Intel,Intel,99633.6
Dell,Notebook,15.6,Full HD 1920x1080,Intel Core i7 7500U 2.7GHz,4GB,4.0,256GB SSD,AMD Radeon R5 M420,Windows 10,2.18,2.7,1920,1080,0,0,Intel,AMD,39373.92
HP,2 in 1 Convertible,11.6,Touchscreen 1366x768,Intel Celeron Dual Core N3350 1.1GHz,4GB,4.0,32GB Flash Storage,Intel HD Graphics 500,Chrome OS,1.4,1.1,1366,768,1,0,Intel,Intel,32767.2
Asus,Ultrabook,13.3,IPS Panel Full HD 1920x1080,Intel Core i5 6200U 2.3GHz,8GB,8.0,512GB SSD,Nvidia GeForce 940M,Windows 10,1.45,2.3,1920,1080,0,1,Intel,Nvidia,54665.28
HP,2 in 1 Convertible,13.3,Full HD / Touchscreen 1920x1080,Intel Core i5 7200U 2.5GHz,8GB,8.0,256GB SSD,Intel HD Graphics 620,Windows 10,1.28,2.5,1920,1080,1,0,Intel,Intel,121318.56
HP,Ultrabook,14.0,Full HD 1920x1080,Intel Core i7 6500U 2.5GHz,8GB,8.0,512GB SSD,Intel HD Graphics 520,Windows 10,1.54,2.5,1920,1080,0,0,Intel,Intel,78215.04
HP,Notebook,15.6,1366x768,Intel Celeron Dual Core N3060 1.6GHz,4GB,4.0,128GB SSD,Intel HD Graphics 400,No OS,1.86,1.6,1366,768,0,0,Intel,Intel,15930.72
Asus,Gaming,15.6,Full HD 1920x1080,Intel Core i7 7700HQ 2.8GHz,16GB,16.0,128GB SSD +  1TB HDD,Nvidia GeForce GTX 1060,Windows 10,2.1,2.8,1920,1080,0,0,Intel,Nvidia,101178.72
Dell,Notebook,17.3,Full HD 1920x1080,Intel Core i7 7500U 2.7GHz,8GB,8.0,1TB HDD,AMD Radeon R7 M445,Linux,2.83,2.7,1920,1080,0,0,Intel,AMD,46087.2
Lenovo,Ultrabook,14.0,IPS Panel Full HD 1920x1080,Intel Core i7 7700HQ 2.8GHz,8GB,8.0,256GB SSD,Nvidia GeForce GT 940MX,Windows 10,1.96,2.8,1920,1080,0,1,Intel,Nvidia,101391.84
Asus,Notebook,15.6,IPS Panel Full HD 1920x1080,Intel Core i7 7500U 2.7GHz,8GB,8.0,256GB SSD,Nvidia GeForce GTX 930MX,Windows 10,2.3,2.7,1920,1080,0,1,Intel,Nvidia,41931.36
Dell,Notebook,15.6,Full HD 1920x1080,Intel Core i5 7200U 2.5GHz,8GB,8.0,128GB SSD,Intel HD Graphics 620,Windows 10,1.9,2.5,1920,1080,0,0,Intel,Intel,50349.6
Asus,Notebook,15.6,1366x768,Intel Pentium Quad Core N4200 1.1GHz,4GB,4.0,1TB HDD,Intel HD Graphics 505,Windows 10,2.0,1.1,1366,768,0,0,Intel,Intel,23922.72
HP,2 in 1 Convertible,13.3,Full HD / Touchscreen 1920x1080,Intel Core i7 7600U 2.8GHz,8GB,8.0,256GB SSD,Intel HD Graphics 620,Windows 10,1.28,2.8,1920,1080,1,0,Intel,Intel,136343.52
Dell,Notebook,13.3,Full HD / Touchscreen 1920x1080,Intel Core i5 6200U 2.3GHz,8GB,8.0,1TB HDD,Intel HD Graphics 520,Windows 10,1.62,2.3,1920,1080,1,0,Intel,Intel,34578.72
Lenovo,Notebook,15.6,Full HD 1920x1080,Intel Core i3 6006U 2.0GHz,4GB,4.0,1TB HDD,Intel HD Graphics 520,No OS,2.2,2.0,1920,1080,0,0,Intel,Intel,24988.32
Lenovo,Notebook,15.6,IPS Panel Full HD 1920x1080,Intel Core i5 7200U 2.5GHz,8GB,8.0,1TB HDD,Intel HD Graphics 620,Windows 10,2.3,2.5,1920,1080,0,1,Intel,Intel,45323.1648
HP,Notebook,15.6,Full HD 1920x1080,Intel Core i5 7300U 2.6GHz,8GB,8.0,256GB SSD,AMD Radeon R7 M465,Windows 10,1.84,2.6,1920,1080,0,0,Intel,AMD,71874.72
Toshiba,Notebook,13.3,Full HD 1920x1080,Intel Core i5 7200U 2.5GHz,4GB,4.0,128GB SSD,Intel HD Graphics 620,Windows 10,1.05,2.5,1920,1080,0,0,Intel,Intel,68464.8
Lenovo,Gaming,15.6,IPS Panel Full HD 1920x1080,Intel Core i5 7300HQ 2.5GHz,8GB,8.0,1TB HDD,Nvidia GeForce GTX 1050,No OS,2.5,2.5,1920,1080,0,1,Intel,Nvidia,54185.76
Dell,Ultrabook,13.3,Quad HD+ / Touchscreen 3200x1800,Intel Core i7 7660U 2.5GHz,16GB,16.0,512GB SSD,Intel Iris Plus Graphics 640,Windows 10,1.29,2.5,3200,1800,1,0,Intel,Intel,119347.2
HP,Notebook,15.6,Full HD 1920x1080,Intel Core i5 6200U 2.3GHz,4GB,4.0,500GB HDD,Intel HD Graphics 520,Windows 10,2.07,2.3,1920,1080,0,0,Intel,Intel,48484.8
Toshiba,Ultrabook,13.3,1366x768,Intel Core i5 6200U 2.3GHz,8GB,8.0,256GB SSD,Intel HD Graphics 520,Windows 10,1.2,2.3,1366,768,0,0,Intel,Intel,58341.6
Lenovo,2 in 1 Convertible,13.3,IPS Panel Full HD / Touchscreen 1920x1080,Intel Core i7 7500U 2.7GHz,8GB,8.0,256GB SSD,Intel HD Graphics 620,Windows 10,1.37,2.7,1920,1080,1,1,Intel,Intel,103896.0
Acer,Notebook,14.0,IPS Panel Full HD 1920x1080,Intel Core i5 7200U 2.5GHz,8GB,8.0,256GB SSD,Intel HD Graphics 620,Windows 10,1.56,2.5,1920,1080,0,1,Intel,Intel,48058.56
Dell,Workstation,15.6,Full HD 1920x1080,Intel Core i7 7700HQ 2.8GHz,8GB,8.0,1TB HDD,Nvidia Quadro M620,Windows 10,2.23,2.8,1920,1080,0,0,Intel,Nvidia,94731.84
Lenovo,Notebook,15.6,1366x768,Intel Core i5 7200U 2.5GHz,4GB,4.0,500GB HDD,Intel HD Graphics 620,Windows 10,2.38,2.5,1366,768,0,0,Intel,Intel,56210.4
Lenovo,Notebook,15.6,Full HD 1920x1080,Intel Core i3 6006U 2GHz,4GB,4.0,1TB HDD,AMD Radeon R5 M430,No OS,2.2,2.0,1920,1080,0,0,Intel,AMD,25521.12
Toshiba,Notebook,15.6,IPS Panel Full HD 1920x1080,Intel Core i7 7500U 2.7GHz,8GB,8.0,256GB SSD,Intel HD Graphics 620,Windows 10,2.0,2.7,1920,1080,0,1,Intel,Intel,73952.64
Lenovo,Notebook,13.3,IPS Panel Full HD 1920x1080,Intel Core i3 7100U 2.4GHz,4GB,4.0,180GB SSD,Intel HD Graphics 620,Windows 10,1.44,2.4,1920,1080,0,1,Intel,Intel,39160.8
Samsung,Ultrabook,15.0,Full HD 1920x1080,Intel Core i7 7500U 2.7GHz,16GB,16.0,256GB SSD,Nvidia GeForce 940MX,Windows 10,1.23,2.7,1920,1080,0,0,Intel,Nvidia,98514.72
Dell,Ultrabook,12.5,Full HD 1920x1080,Intel Core i7 7600U 2.8GHz,8GB,8.0,256GB SSD,Intel HD Graphics 620,Windows 10,1.6,2.8,1920,1080,0,0,Intel,Intel,90043.2
Asus,Notebook,15.6,1366x768,Intel Pentium Quad Core N4200 1.1GHz,4GB,4.0,1TB HDD,Intel HD Graphics 505,Linux,2.0,1.1,1366,768,0,0,Intel,Intel,21258.1872
Xiaomi,Ultrabook,13.3,IPS Panel Full HD 1920x1080,Intel Core i5 6200U 2.3GHz,8GB,8.0,256GB SSD,Nvidia GeForce 940MX,Windows 10,1.28,2.3,1920,1080,0,1,Intel,Nvidia,49816.8
Dell,Notebook,15.6,Full HD 1920x1080,Intel Core i5 7200U 2.5GHz,4GB,4.0,128GB SSD +  1TB HDD,Nvidia GeForce 940MX,Windows 10,2.18,2.5,1920,1080,0,0,Intel,Nvidia,48618.0
HP,Notebook,15.6,Full HD 1920x1080,Intel Core i5 7200U 2.5GHz,4GB,4.0,256GB SSD,Intel HD Graphics 620,Windows 10,2.04,2.5,1920,1080,0,0,Intel,Intel,44701.92
HP,2 in 1 Convertible,13.3,Full HD / Touchscreen 1920x1080,Intel Core i5 7200U 2.5GHz,4GB,4.0,256GB SSD,Intel HD Graphics 620,Windows 10,1.28,2.5,1920,1080,1,0,Intel,Intel,90576.0
HP,2 in 1 Convertible,15.6,Touchscreen 1366x768,Intel Core i5 7200U 2.5GHz,4GB,4.0,500GB HDD,Intel HD Graphics 620,Windows 10,2.3,2.5,1366,768,1,0,Intel,Intel,36486.144
Asus,Notebook,14.1,1366x768,Intel Celeron Dual Core N3350 1.1GHz,4GB,4.0,32GB Flash Storage,Intel HD Graphics 500,Windows 10,1.65,1.1,1366,768,0,0,Intel,Intel,18541.44
Lenovo,Notebook,15.6,IPS Panel Full HD 1920x1080,Intel Core i7 6500U 2.5GHz,8GB,8.0,1TB HDD,Nvidia GeForce 940MX,Windows 10,2.2,2.5,1920,1080,0,1,Intel,Nvidia,35644.32
Dell,Notebook,15.6,1366x768,Intel Pentium Quad Core N3710 1.6GHz,4GB,4.0,500GB HDD,Intel HD Graphics,Windows 10,2.2,1.6,1366,768,0,0,Intel,Intel,19660.32
HP,2 in 1 Convertible,13.3,Full HD / Touchscreen 1920x1080,Intel Core i5 7200U 2.5GHz,4GB,4.0,256GB SSD,Intel HD Graphics 620,Windows 10,1.28,2.5,1920,1080,1,0,Intel,Intel,95850.72
Dell,Notebook,15.6,1366x768,Intel Core i3 6006U 2.0GHz,4GB,4.0,1TB HDD,AMD Radeon R5 M420X,Linux,2.18,2.0,1366,768,0,0,Intel,AMD,24279.696
Asus,Gaming,17.3,Full HD 1920x1080,Intel Core i5 7300HQ 2.5GHz,12GB,12.0,128GB SSD +  1TB HDD,Nvidia GeForce GTX 1050,Windows 10,2.2,2.5,1920,1080,0,0,Intel,Nvidia,72988.272
Acer,Netbook,11.6,IPS Panel 1366x768,Intel Celeron Dual Core N3060 1.6GHz,4GB,4.0,32GB Flash Storage,Intel HD Graphics 400,Chrome OS,1.25,1.6,1366,768,0,1,Intel,Intel,15824.16
Lenovo,Notebook,17.3,1600x900,AMD A4-Series 7210 2.2GHz,4GB,4.0,500GB HDD,AMD Radeon R3,Windows 10,2.8,2.2,1600,900,0,0,AMD,AMD,20193.12
HP,Notebook,14.0,Full HD 1920x1080,Intel Core i5 7200U 2.5GHz,4GB,4.0,128GB SSD,Intel HD Graphics 620,Windows 10,1.95,2.5,1920,1080,0,0,Intel,Intel,67399.2
HP,2 in 1 Convertible,13.3,Quad HD+ / Touchscreen 3200x1800,Intel Core i7 7500U 2.7GHz,16GB,16.0,256GB SSD,Intel HD Graphics 620,Windows 10,1.42,2.7,3200,1800,1,0,Intel,Intel,74538.72
Samsung,Ultrabook,15.0,Full HD 1920x1080,Intel Core i7 7500U 2.7GHz,8GB,8.0,256GB SSD,Intel HD Graphics 620,Windows 10,1.17,2.7,1920,1080,0,0,Intel,Intel,90522.72
Lenovo,Ultrabook,14.0,IPS Panel Full HD 1920x1080,Intel Core i5 7200U 2.5GHz,8GB,8.0,256GB SSD,Intel HD Graphics 620,Windows 10,1.32,2.5,1920,1080,0,1,Intel,Intel,95850.72
MSI,Gaming,17.3,IPS Panel 4K Ultra HD 3840x2160,Intel Core i7 6700HQ 2.6GHz,16GB,16.0,512GB SSD +  2TB HDD,Nvidia GeForce GTX 1060,Windows 10,2.43,2.6,3840,2160,0,1,Intel,Nvidia,141138.72
Toshiba,Notebook,13.3,Full HD 1920x1080,Intel Core i5 7200U 2.5GHz,8GB,8.0,256GB SSD,Intel HD Graphics 620,Windows 10,1.05,2.5,1920,1080,0,0,Intel,Intel,78588.0
Dell,Gaming,15.6,Full HD 1920x1080,Intel Core i7 7700HQ 2.8GHz,8GB,8.0,1TB HDD,Nvidia GeForce GTX 1050Ti,Linux,2.62,2.8,1920,1080,0,0,Intel,Nvidia,49497.12
HP,Notebook,15.6,Full HD 1920x1080,Intel Core i7 7500U 2.7GHz,8GB,8.0,1TB HDD,Nvidia GeForce 930MX,Windows 10,2.04,2.7,1920,1080,0,0,Intel,Nvidia,47952.0
Dell,Notebook,15.6,1366x768,Intel Core i3 6006U 2.0GHz,4GB,4.0,1TB HDD,AMD Radeon R5 M420X,Windows 10,2.18,2.0,1366,768,0,0,Intel,AMD,32713.92
Dell,Notebook,15.6,Full HD 1920x1080,Intel Core i5 7300U 2.6GHz,8GB,8.0,500GB HDD,Intel HD Graphics 620,Windows 10,1.9,2.6,1920,1080,0,0,Intel,Intel,49816.8
Dell,2 in 1 Convertible,13.3,Quad HD+ / Touchscreen 3200x1800,Intel Core i7 7Y75 1.3GHz,8GB,8.0,512GB SSD,Intel HD Graphics 615,Windows 10,1.24,1.3,3200,1800,1,0,Intel,Intel,107257.968
Asus,Gaming,17.3,IPS Panel Full HD 1920x1080,Intel Core i7 6820HK 2.7GHz,32GB,32.0,256GB SSD +  256GB SSD,Nvidia GeForce GTX 980M,Windows 10,3.58,2.7,1920,1080,0,1,Intel,Nvidia,68145.12
Dell,2 in 1 Convertible,13.3,Full HD / Touchscreen 1920x1080,Intel Core i7 7Y75 1.3GHz,16GB,16.0,256GB SSD,Intel HD Graphics 615,Windows 10,1.22,1.3,1920,1080,1,0,Intel,Intel,87858.72
Lenovo,Ultrabook,14.0,IPS Panel Full HD 1920x1080,Intel Core i7 7500U 2.7GHz,8GB,8.0,256GB Flash Storage,Intel HD Graphics 620,Windows 10,1.13,2.7,1920,1080,0,1,Intel,Intel,109170.72
Lenovo,Notebook,15.6,IPS Panel Full HD 1920x1080,Intel Core i5 7200U 2.5GHz,8GB,8.0,512GB SSD,Intel HD Graphics 620,Windows 10,1.95,2.5,1920,1080,0,1,Intel,Intel,104588.1072
LG,Ultrabook,15.6,IPS Panel Full HD / Touchscreen 1920x1080,Intel Core i7 7500U 2.7GHz,16GB,16.0,512GB SSD,Intel HD Graphics 620,Windows 10,1.08,2.7,1920,1080,1,1,Intel,Intel,111834.72
HP,Netbook,12.5,Full HD 1920x1080,Intel Core i7 7500U 2.7GHz,8GB,8.0,512GB SSD,Intel HD Graphics 620,Windows 10,1.26,2.7,1920,1080,0,0,Intel,Intel,79014.24
Acer,Notebook,15.6,IPS Panel Full HD 1920x1080,Intel Celeron Dual Core 3205U 1.5GHz,4GB,4.0,16GB Flash Storage,Intel HD Graphics,Chrome OS,2.2,1.5,1920,1080,0,1,Intel,Intel,19127.52
Lenovo,Notebook,15.6,IPS Panel Full HD 1920x1080,Intel Core i5 6300HQ 2.3GHz,8GB,8.0,128GB SSD +  1TB HDD,Nvidia GeForce GTX 960M,Windows 10,2.6,2.3,1920,1080,0,1,Intel,Nvidia,42037.92
LG,Ultrabook,14.0,IPS Panel Full HD / Touchscreen 1920x1080,Intel Core i7 7500U 2.7GHz,8GB,8.0,512GB SSD,Intel HD Graphics 620,Windows 10,0.98,2.7,1920,1080,1,1,Intel,Intel,101178.72
Dell,Notebook,14.0,Full HD 1920x1080,Intel Core i5 7440HQ 2.8GHz,8GB,8.0,256GB SSD,Intel HD Graphics 620,Windows 10,1.6,2.8,1920,1080,0,0,Intel,Intel,64202.4
HP,Ultrabook,12.5,4K Ultra HD / Touchscreen 3840x2160,Intel Core M 6Y75 1.2GHz,8GB,8.0,240GB SSD,Intel HD Graphics 515,Windows 10,1.09,1.2,3840,2160,1,0,Intel,Intel,165168.0
Lenovo,Notebook,15.6,Full HD 1920x1080,Intel Core i7 7500U 2.7GHz,6GB,6.0,256GB SSD,Nvidia GeForce 940MX,Windows 10,2.2,2.7,1920,1080,0,0,Intel,Nvidia,42037.92
HP,Notebook,15.6,Full HD 1920x1080,Intel Core i7 7500U 2.7GHz,8GB,8.0,256GB SSD,Nvidia GeForce 930MX,Windows 10,2.04,2.7,1920,1080,0,0,Intel,Nvidia,54291.7872
Acer,Notebook,15.6,Full HD 1920x1080,Intel Core i3 7100U 2.4GHz,4GB,4.0,1TB HDD,Intel HD Graphics 620,Windows 10,2.4,2.4,1920,1080,0,0,Intel,Intel,26586.72
Lenovo,Notebook,13.3,Full HD 1920x1080,Intel Core i5 7200U 2.5GHz,4GB,4.0,128GB SSD,Intel HD Graphics 620,Windows 10,1.44,2.5,1920,1080,0,0,Intel,Intel,46939.68
HP,Notebook,13.3,Full HD 1920x1080,Intel Core i5 7200U 2.5GHz,8GB,8.0,256GB SSD,Intel HD Graphics 620,Windows 10,1.49,2.5,1920,1080,0,0,Intel,Intel,51148.8
MSI,Gaming,17.3,Full HD 1920x1080,Intel Core i7 7700HQ 2.8GHz,16GB,16.0,256GB SSD +  1TB HDD,Nvidia GeForce GTX 1050 Ti,Windows 10,2.7,2.8,1920,1080,0,0,Intel,Nvidia,85194.72
Dell,Gaming,15.6,Full HD 1920x1080,Intel Core i7 7700HQ 2.8GHz,16GB,16.0,128GB SSD +  1TB HDD,Nvidia GeForce GTX 1050 Ti,Windows 10,2.6,2.8,1920,1080,0,0,Intel,Nvidia,71874.72
MSI,Gaming,15.6,Full HD 1920x1080,Intel Core i5 7300HQ 2.5GHz,8GB,8.0,128GB SSD +  1TB HDD,Nvidia GeForce GTX 1050,Windows 10,2.2,2.5,1920,1080,0,0,Intel,Nvidia,59668.8048
Dell,Notebook,15.6,1366x768,Intel Core i5 7200U 2.5GHz,4GB,4.0,1TB HDD,AMD Radeon R5 M420,Windows 10,2.18,2.5,1366,768,0,0,Intel,AMD,36496.2672
HP,Ultrabook,15.6,Full HD 1920x1080,Intel Core i7 6500U 2.5GHz,8GB,8.0,256GB SSD,AMD Radeon R7 M365X,Windows 10,1.84,2.5,1920,1080,0,0,Intel,AMD,69103.6272
Lenovo,2 in 1 Convertible,13.3,IPS Panel Full HD / Touchscreen 1920x1080,Intel Core i5 7200U 2.5GHz,8GB,8.0,512GB SSD,Intel HD Graphics 620,Windows 10,1.37,2.5,1920,1080,1,1,Intel,Intel,97236.0
Dell,Notebook,15.6,1366x768,Intel Core i5 6200U 2.3GHz,4GB,4.0,500GB HDD,Intel HD Graphics 520,Windows 10,1.95,2.3,1366,768,0,0,Intel,Intel,38889.072
Lenovo,Ultrabook,12.5,IPS Panel Full HD 1920x1080,Intel Core i7 7500U 2.7GHz,8GB,8.0,256GB SSD,Intel HD Graphics 620,Windows 10,1.36,2.7,1920,1080,0,1,Intel,Intel,87912.0
HP,Notebook,15.6,Full HD 1920x1080,Intel Core i5 6200U 2.3GHz,8GB,8.0,256GB SSD,Intel HD Graphics 520,Windows 10,2.31,2.3,1920,1080,0,0,Intel,Intel,62071.2
Dell,Notebook,15.6,1366x768,Intel Core i5 7200U 2.5GHz,4GB,4.0,1TB HDD,Intel HD Graphics 620,Windows 10,2.18,2.5,1366,768,0,0,Intel,Intel,37725.4368
HP,Notebook,14.0,1366x768,Intel Core i5 6200U 2.3GHz,4GB,4.0,500GB HDD,Intel HD Graphics 520,Windows 10,1.95,2.3,1366,768,0,0,Intel,Intel,61218.72
Lenovo,Notebook,15.6,1366x768,Intel Pentium Quad Core N4200 1.1GHz,4GB,4.0,1TB HDD,Intel HD Graphics 505,Windows 10,2.2,1.1,1366,768,0,0,Intel,Intel,16463.52
HP,Ultrabook,12.5,Full HD 1920x1080,Intel Core i5 6200U 2.3GHz,4GB,4.0,500GB HDD,Intel HD Graphics 520,Windows 10,1.26,2.3,1920,1080,0,0,Intel,Intel,84129.12
HP,Notebook,15.6,1366x768,Intel Celeron Dual Core N3060 1.6GHz,4GB,4.0,1TB HDD,Intel HD Graphics 400,No OS,1.86,1.6,1366,768,0,0,Intel,Intel,15392.592
Lenovo,2 in 1 Convertible,13.3,IPS Panel Quad HD+ / Touchscreen 3200x1800,Intel Core i7 6560U 2.2GHz,16GB,16.0,1TB SSD,Intel Iris Graphics 540,Windows 10,1.3,2.2,3200,1800,1,1,Intel,Intel,95850.72
Toshiba,Notebook,14.0,IPS Panel Full HD 1920x1080,Intel Core i5 6200U 2.3GHz,4GB,4.0,128GB SSD,Intel HD Graphics 520,Windows 10,1.47,2.3,1920,1080,0,1,Intel,Intel,58874.4
HP,Netbook,12.5,Full HD 1920x1080,Intel Core i5 6200U 2.3GHz,8GB,8.0,256GB SSD,Intel HD Graphics 520,Windows 10,1.26,2.3,1920,1080,0,0,Intel,Intel,88924.32
Dell,Notebook,15.6,1366x768,Intel Core i3 6006U 2.0GHz,4GB,4.0,1TB HDD,Intel HD Graphics 520,Windows 10,2.18,2.0,1366,768,0,0,Intel,Intel,29762.208
MSI,Gaming,15.6,Full HD 1920x1080,Intel Core i7 7700HQ 2.8GHz,8GB,8.0,128GB SSD +  1TB HDD,Nvidia GeForce GTX 1050,Windows 10,2.2,2.8,1920,1080,0,0,Intel,Nvidia,63882.72
Dell,Gaming,17.3,2560x1440,Intel Core i7 6820HK 2.7GHz,16GB,16.0,512GB SSD +  1TB HDD,Nvidia GeForce GTX 1080,Windows 10,4.36,2.7,2560,1440,0,0,Intel,Nvidia,146946.24
HP,Gaming,17.3,IPS Panel Full HD 1920x1080,Intel Core i5 6300HQ 2.3GHz,8GB,8.0,128GB SSD +  1TB HDD,Nvidia GeForce GTX 965M,Windows 10,2.75,2.3,1920,1080,0,1,Intel,Nvidia,74538.72
Asus,Notebook,17.3,1600x900,Intel Pentium Quad Core N3710 1.6GHz,4GB,4.0,1TB HDD,Nvidia GeForce 920MX,Windows 10,2.8,1.6,1600,900,0,0,Intel,Nvidia,28238.4
Acer,Notebook,15.6,1366x768,Intel Core i5 7200U 2.5GHz,4GB,4.0,500GB HDD,Intel HD Graphics 620,Windows 10,2.23,2.5,1366,768,0,0,Intel,Intel,32980.32
Toshiba,Notebook,15.6,1366x768,Intel Core i5 6200U 2.3GHz,8GB,8.0,256GB SSD,Intel HD Graphics 520,Windows 10,2.2,2.3,1366,768,0,0,Intel,Intel,59620.32
Lenovo,2 in 1 Convertible,11.3,IPS Panel Full HD / Touchscreen 1920x1080,Intel Core M m7-6Y75 1.2GHz,8GB,8.0,256GB SSD,Intel HD Graphics 515,Windows 10,1.1,1.2,1920,1080,1,1,Intel,Intel,69210.72
Lenovo,Gaming,15.6,IPS Panel Full HD 1920x1080,AMD FX 8800P 2.1GHz,16GB,16.0,512GB SSD +  1TB HDD,AMD Radeon R9 M385,Windows 10,2.5,2.1,1920,1080,0,1,AMD,AMD,53226.72
Dell,Ultrabook,12.5,Full HD / Touchscreen 1920x1080,Intel Core i5 7200U 2.5GHz,8GB,8.0,256GB SSD,Intel HD Graphics,Windows 10,1.36,2.5,1920,1080,1,0,Intel,Intel,78438.816
Lenovo,Notebook,15.6,Full HD 1920x1080,Intel Core i7 7500U 2.7GHz,8GB,8.0,1TB HDD,Nvidia GeForce 920MX,No OS,2.2,2.7,1920,1080,0,0,Intel,Nvidia,36496.8
Dell,Notebook,17.3,1600x900,Intel Core i3 6006U 2.0GHz,4GB,4.0,1TB HDD,AMD Radeon R7 M445,Windows 10,2.36,2.0,1600,900,0,0,Intel,AMD,35111.52
Acer,Notebook,14.0,1366x768,Intel Celeron Dual Core N3060 1.6GHz,4GB,4.0,32GB Flash Storage,Intel HD Graphics 400,Chrome OS,1.68,1.6,1366,768,0,0,Intel,Intel,18594.72
HP,Workstation,15.6,IPS Panel Full HD 1920x1080,Intel Core i7 6820HQ 2.7GHz,8GB,8.0,8GB SSD,Nvidia Quadro M1000M,Windows 10,2.0,2.7,1920,1080,0,1,Intel,Nvidia,119826.72
Dell,Ultrabook,14.0,Full HD 1920x1080,Intel Core i7 7600U 2.8GHz,8GB,8.0,256GB SSD,Intel HD Graphics 620,Windows 10,1.36,2.8,1920,1080,0,0,Intel,Intel,94572.0
Toshiba,Notebook,13.3,Full HD 1920x1080,Intel Core i5 6200U 2.3GHz,8GB,8.0,256GB SSD,Intel HD Graphics 520,Windows 7,1.2,2.3,1920,1080,0,0,Intel,Intel,77788.8
Asus,2 in 1 Convertible,12.5,Full HD 1920x1080,Intel Core M M7-6Y75 1.2GHz,8GB,8.0,64GB Flash Storage,Intel HD Graphics 515,Chrome OS,1.2,1.2,1920,1080,0,0,Intel,Intel,61751.52
Lenovo,Ultrabook,14.0,IPS Panel Full HD 1920x1080,Intel Core i7 6600U 2.6GHz,8GB,8.0,256GB SSD,Intel HD Graphics 520,Windows 10,1.7,2.6,1920,1080,0,1,Intel,Intel,79333.3872
Dell,Gaming,17.3,IPS Panel 4K Ultra HD 3840x2160,Intel Core i7 7700HQ 2.8GHz,16GB,16.0,512GB SSD +  1TB HDD,Nvidia GeForce GTX 1070,Windows 10,4.36,2.8,3840,2160,0,1,Intel,Nvidia,168045.12
Dell,2 in 1 Convertible,13.3,Full HD / Touchscreen 1920x1080,Intel Core i5 7Y54 1.2GHz,8GB,8.0,256GB SSD,Intel HD Graphics 615,Windows 10,1.24,1.2,1920,1080,1,0,Intel,Intel,101178.72
HP,2 in 1 Convertible,11.6,Touchscreen 1366x768,Intel Pentium Quad Core N4200 1.1GHz,4GB,4.0,256GB SSD,Intel HD Graphics 505,Windows 10,1.45,1.1,1366,768,1,0,Intel,Intel,41292.0
Dell,Ultrabook,13.3,Quad HD+ 3200x1800,Intel Core i7 6500U 2.5GHz,8GB,8.0,256GB SSD,Intel HD Graphics 520,Windows 10,1.3,2.5,3200,1800,0,0,Intel,Intel,67559.04
Acer,2 in 1 Convertible,11.6,IPS Panel Touchscreen 1366x768,Intel Celeron Dual Core N3060 1.6GHz,4GB,4.0,32GB Flash Storage,Intel HD Graphics 400,Chrome OS,1.25,1.6,1366,768,1,1,Intel,Intel,20725.92
Toshiba,Notebook,13.3,Full HD 1920x1080,Intel Core i5 6300U 2.4GHz,8GB,8.0,256GB SSD,Intel HD Graphics 520,Windows 10,1.2,2.4,1920,1080,0,0,Intel,Intel,81784.8
Lenovo,Ultrabook,12.5,IPS Panel Full HD 1920x1080,Intel Core i5 7300U 2.6GHz,8GB,8.0,256GB SSD,Intel HD Graphics 620,Windows 10,1.36,2.6,1920,1080,0,1,Intel,Intel,93772.8
Acer,Notebook,15.6,Full HD 1920x1080,Intel Core i5 7200U 2.5GHz,12GB,12.0,128GB SSD +  1TB HDD,Nvidia GeForce GTX 950M,Windows 10,2.4,2.5,1920,1080,0,0,Intel,Nvidia,53759.52
Toshiba,Ultrabook,12.5,Full HD / Touchscreen 1920x1080,Intel Core i7 7500U 2.7GHz,8GB,8.0,512GB SSD,Intel HD Graphics 620,Windows 10,1.1,2.7,1920,1080,1,0,Intel,Intel,95371.2
HP,Notebook,15.6,1366x768,Intel Core i5 7200U 2.50GHz,8GB,8.0,1TB HDD,Nvidia GeForce 930MX,Windows 10,2.04,2.5,1366,768,0,0,Intel,Nvidia,45101.52
Dell,Notebook,15.6,1366x768,Intel Core i3 6006U 2.0GHz,4GB,4.0,1TB HDD,AMD Radeon R5 M430,Linux,2.25,2.0,1366,768,0,0,Intel,AMD,24808.2336
Dell,Notebook,15.6,1366x768,Intel Core i5 7200U 2.5GHz,4GB,4.0,500GB HDD,Intel HD Graphics 620,Windows 10,1.9,2.5,1366,768,0,0,Intel,Intel,43956.0
HP,Notebook,15.6,Full HD 1920x1080,Intel Core i3 7100U 2.4GHz,4GB,4.0,500GB HDD,Intel HD Graphics 620,Windows 10,2.04,2.4,1920,1080,0,0,Intel,Intel,36496.8
Dell,Gaming,17.3,IPS Panel Full HD 1920x1080,Intel Core i7 7700HQ 2.8GHz,32GB,32.0,256GB SSD +  1TB HDD,Nvidia GeForce GTX 1070,Windows 10,4.42,2.8,1920,1080,0,1,Intel,Nvidia,167778.72
Lenovo,Notebook,15.6,Full HD 1920x1080,Intel Core i5 7200U 2.5GHz,6GB,6.0,256GB SSD,Nvidia GeForce 920MX,Windows 10,2.4,2.5,1920,1080,0,0,Intel,Nvidia,37029.6
Dell,2 in 1 Convertible,13.3,Quad HD+ / Touchscreen 3200x1800,Intel Core i7 7Y75 1.3GHz,16GB,16.0,512GB SSD,Intel HD Graphics 615,Windows 10,1.22,1.3,3200,1800,1,0,Intel,Intel,101178.72
Dell,Ultrabook,14.0,Touchscreen 2560x1440,Intel Core i7 6600U 2.6GHz,8GB,8.0,256GB SSD,Intel HD Graphics 520,Windows 10,1.5,2.6,2560,1440,1,0,Intel,Intel,104587.5744
Dell,Gaming,17.3,Full HD 1920x1080,Intel Core i7 6700HQ 2.6GHz,32GB,32.0,256GB SSD +  1TB HDD,Nvidia GeForce GTX 1070,Windows 10,4.42,2.6,1920,1080,0,0,Intel,Nvidia,149184.0
Toshiba,Notebook,14.0,Full HD 1920x1080,Intel Core i5 6200U 2.3GHz,8GB,8.0,256GB SSD,Intel HD Graphics 520,Windows 10,1.95,2.3,1920,1080,0,0,Intel,Intel,62870.4
Asus,Gaming,17.3,Full HD 1920x1080,Intel Core i7 7700HQ 2.8GHz,16GB,16.0,256GB SSD +  1TB HDD,Nvidia GeForce GTX 1060,Windows 10,2.73,2.8,1920,1080,0,0,Intel,Nvidia,109218.672
HP,Notebook,15.6,IPS Panel Full HD 1920x1080,Intel Core i5 7200U 2.70GHz,8GB,8.0,128GB SSD +  1TB HDD,Nvidia GeForce 930MX,Windows 10,2.04,2.7,1920,1080,0,1,Intel,Nvidia,52161.12
Lenovo,Notebook,14.0,1366x768,Intel Core i5 6200U 2.3GHz,4GB,4.0,508GB Hybrid,Intel HD Graphics 520,Windows 7,1.7,2.3,1366,768,0,0,Intel,Intel,53386.56
Asus,2 in 1 Convertible,15.6,4K Ultra HD / Touchscreen 3840x2160,Intel Core i7 7500U 2.7GHz,16GB,16.0,512GB SSD +  2TB HDD,Nvidia GeForce GTX 950M,Windows 10,2.3,2.7,3840,2160,1,0,Intel,Nvidia,95850.72
Asus,Gaming,17.3,Full HD 1920x1080,Intel Core i7 7700HQ 2.8GHz,16GB,16.0,256GB SSD +  1TB HDD,Nvidia GeForce GTX 1050 Ti,Windows 10,2.99,2.8,1920,1080,0,0,Intel,Nvidia,93186.72
Dell,2 in 1 Convertible,15.6,IPS Panel Full HD / Touchscreen 1920x1080,Intel Core i7 7500U 2.7GHz,12GB,12.0,512GB SSD,Intel HD Graphics 620,Windows 10,2.19,2.7,1920,1080,1,1,Intel,Intel,69210.72
Toshiba,Notebook,13.3,Full HD 1920x1080,Intel Core i5 6200U 2.3GHz,4GB,4.0,128GB SSD,Intel HD Graphics 520,Windows 7,1.2,2.3,1920,1080,0,0,Intel,Intel,63669.6
Lenovo,Notebook,15.6,Full HD 1920x1080,AMD A12-Series 9720P 3.6GHz,6GB,6.0,256GB SSD,AMD Radeon 530,Windows 10,2.2,3.6,1920,1080,0,0,AMD,AMD,29250.72
Fujitsu,Notebook,15.6,1366x768,Intel Core i5 6200U 2.3GHz,4GB,4.0,256GB SSD,Intel HD Graphics 520,Windows 10,2.3,2.3,1366,768,0,0,Intel,Intel,34578.72
Toshiba,Notebook,14.0,1366x768,Intel Core i5 6200U 2.3GHz,4GB,4.0,500GB HDD,Intel HD Graphics 520,Windows 10,1.75,2.3,1366,768,0,0,Intel,Intel,48751.2
Dell,Notebook,15.6,1366x768,Intel Core i5 7200U 2.5GHz,4GB,4.0,500GB HDD,AMD Radeon R5 M430,Windows 10,2.25,2.5,1366,768,0,0,Intel,AMD,31914.72
HP,Notebook,15.6,Full HD 1920x1080,Intel Core i5 7200U 2.5GHz,8GB,8.0,1TB HDD,Intel HD Graphics 620,Windows 10,2.04,2.5,1920,1080,0,0,Intel,Intel,42943.68
Lenovo,Gaming,15.6,IPS Panel Full HD 1920x1080,Intel Core i7 7700HQ 2.8GHz,8GB,8.0,128GB SSD +  1TB HDD,Nvidia GeForce GTX 1060,Windows 10,2.5,2.8,1920,1080,0,1,Intel,Nvidia,63349.92
Dell,Notebook,15.6,1366x768,Intel Core i7 7500U 2.7GHz,8GB,8.0,1TB HDD,AMD Radeon R7 M445,Windows 10,2.36,2.7,1366,768,0,0,Intel,AMD,39906.72
Dell,Notebook,14.0,Full HD 1920x1080,Intel Core i5 7200U 2.5GHz,8GB,8.0,128GB SSD,Intel HD Graphics 620 ,Windows 10,1.6,2.5,1920,1080,0,0,Intel,Intel,59620.32
HP,Netbook,12.5,Full HD 1920x1080,Intel Core M 6Y75 1.2GHz,8GB,8.0,512GB SSD,Intel HD Graphics 515,Windows 10,0.97,1.2,1920,1080,0,0,Intel,Intel,101658.24
HP,Notebook,15.6,Full HD 1920x1080,Intel Core i3 6006U 2GHz,4GB,4.0,128GB SSD +  1TB HDD,AMD Radeon 520,Windows 10,2.1,2.0,1920,1080,0,0,Intel,AMD,26586.72
Lenovo,Notebook,15.6,1366x768,Intel Celeron Dual Core N3350 1.1GHz,4GB,4.0,128GB SSD,Intel HD Graphics 500,No OS,1.9,1.1,1366,768,0,0,Intel,Intel,14418.6336
Lenovo,Notebook,15.6,Full HD 1920x1080,Intel Core i5 6200U 2.3GHz,8GB,8.0,256GB SSD,Intel HD Graphics 520,Windows 10,2.3,2.3,1920,1080,0,0,Intel,Intel,71874.72
Asus,Notebook,13.3,Quad HD+ 3200x1800,Intel Core i5 7200U 2.5GHz,8GB,8.0,256GB SSD,Intel HD Graphics 620,Windows 10,1.4,2.5,3200,1800,0,0,Intel,Intel,61272.0
HP,Ultrabook,13.3,IPS Panel Full HD / Touchscreen 1920x1080,Intel Core i7 7500U 2.7GHz,8GB,8.0,256GB SSD,Intel HD Graphics 620,Windows 10,1.11,2.7,1920,1080,1,1,Intel,Intel,71874.72
Acer,Notebook,15.6,1366x768,Intel Pentium Quad Core N4200 1.1GHz,4GB,4.0,500GB HDD,Intel HD Graphics 505,Windows 10,2.4,1.1,1366,768,0,0,Intel,Intel,20246.4
Asus,Gaming,15.6,Full HD 1920x1080,Intel Core i7 7700HQ 2.8GHz,16GB,16.0,256GB SSD +  1TB HDD,Nvidia GeForce GTX 1050 Ti,Windows 10,2.5,2.8,1920,1080,0,0,Intel,Nvidia,95850.72
HP,Ultrabook,14.0,Full HD 1920x1080,Intel Core i7 7500U 2.7GHz,8GB,8.0,512GB SSD,Intel HD Graphics 620,Windows 10,1.48,2.7,1920,1080,0,0,Intel,Intel,111301.92
Acer,Gaming,15.6,IPS Panel Full HD 1920x1080,Intel Core i7 7700HQ 2.8GHz,8GB,8.0,128GB SSD +  1TB HDD,Nvidia GeForce GTX 1050,Windows 10,2.7,2.8,1920,1080,0,1,Intel,Nvidia,67132.8
HP,Notebook,13.3,IPS Panel Full HD 1920x1080,Intel Core i5 7200U 2.5GHz,8GB,8.0,256GB SSD,Intel HD Graphics 620,Windows 10,1.34,2.5,1920,1080,0,1,Intel,Intel,63349.92
Dell,Notebook,15.6,1366x768,Intel Core i3 7100U 2.4GHz,4GB,4.0,128GB SSD,Intel HD Graphics 620,Windows 10,2.18,2.4,1366,768,0,0,Intel,Intel,29144.16
HP,Notebook,14.0,1366x768,Intel Core i5 7200U 2.5GHz,4GB,4.0,500GB HDD,Intel HD Graphics 620,Windows 10,1.64,2.5,1366,768,0,0,Intel,Intel,41505.12
Toshiba,Notebook,13.3,Full HD 1920x1080,Intel Core i5 6200U 2.3GHz,4GB,4.0,128GB SSD,Intel HD Graphics 520,Windows 10,1.2,2.3,1920,1080,0,0,Intel,Intel,63669.6
HP,Notebook,14.0,1366x768,Intel Core i5 6300U 2.4GHz,4GB,4.0,256GB SSD,Intel HD Graphics 520,Windows 10,1.48,2.4,1366,768,0,0,Intel,Intel,58607.4672
HP,Notebook,14.0,Full HD 1920x1080,Intel Core i5 7200U 2.5GHz,4GB,4.0,256GB SSD,Intel HD Graphics 620,Windows 10,1.95,2.5,1920,1080,0,0,Intel,Intel,64202.4
HP,Ultrabook,14.0,Full HD 1920x1080,Intel Core i7 6600U 2.6GHz,8GB,8.0,256GB SSD,Intel HD Graphics 520,Windows 7,1.43,2.6,1920,1080,0,0,Intel,Intel,77202.72
HP,Notebook,14.0,Full HD 1920x1080,Intel Core i5 7200U 2.5GHz,8GB,8.0,256GB SSD,Nvidia GeForce 930MX,Windows 10,1.64,2.5,1920,1080,0,0,Intel,Nvidia,55904.5728
HP,Notebook,14.0,1366x768,Intel Core i3 7100U 2.4GHz,4GB,4.0,500GB HDD,Intel HD Graphics 620,Windows 10,1.64,2.4,1366,768,0,0,Intel,Intel,36443.52
Dell,Gaming,15.6,Full HD 1920x1080,Intel Core i5 7300HQ 2.5GHz,8GB,8.0,1.0TB Hybrid,Nvidia GeForce GTX 1050,Windows 10,2.65,2.5,1920,1080,0,0,Intel,Nvidia,50562.72
HP,Ultrabook,12.5,Full HD 1920x1080,Intel Core i5 7200U 2.5GHz,4GB,4.0,500GB HDD,Intel HD Graphics 620,Windows 10,1.26,2.5,1920,1080,0,0,Intel,Intel,81997.92
HP,Notebook,14.0,Full HD 1920x1080,Intel Core i5 7200U 2.5GHz,4GB,4.0,256GB SSD,Intel HD Graphics 620,Windows 10,1.48,2.5,1920,1080,0,0,Intel,Intel,84715.2
HP,Ultrabook,14.0,Full HD 1920x1080,Intel Core i7 6500U 2.5GHz,8GB,8.0,256GB SSD,Intel HD Graphics 520,Windows 10,1.54,2.5,1920,1080,0,0,Intel,Intel,100550.5488
HP,Notebook,13.3,1366x768,Intel Core i3 7100U 2.4GHz,4GB,4.0,500GB HDD,Intel HD Graphics 620,Windows 10,1.49,2.4,1366,768,0,0,Intel,Intel,42624.0
Toshiba,Notebook,13.3,1366x768,Intel Core i5 6200U 2.3GHz,8GB,8.0,256GB SSD,Intel HD Graphics 520,Windows 10,1.5,2.3,1366,768,0,0,Intel,Intel,64468.8
HP,Notebook,15.6,1366x768,Intel Core i3 7100U 2.4GHz,4GB,4.0,256GB SSD,Intel HD Graphics 620,Windows 10,2.04,2.4,1366,768,0,0,Intel,Intel,41025.0672
Lenovo,Notebook,17.3,IPS Panel 4K Ultra HD 3840x2160,Intel Core i7 6820HQ 2.7GHz,16GB,16.0,512GB SSD,Nvidia Quadro 3000M,Windows 7,2.4,2.7,3840,2160,0,1,Intel,Nvidia,158135.04
Toshiba,Notebook,14.0,IPS Panel Full HD 1920x1080,Intel Core i5 6200U 2.3GHz,8GB,8.0,256GB SSD,Intel HD Graphics 520,Windows 10,1.47,2.3,1920,1080,0,1,Intel,Intel,79387.2
HP,Notebook,14.0,Full HD 1920x1080,Intel Core i7 6500U 2.5GHz,8GB,8.0,256GB SSD,Intel HD Graphics 520,Windows 10,1.43,2.5,1920,1080,0,0,Intel,Intel,118761.12
Dell,2 in 1 Convertible,15.6,IPS Panel Full HD / Touchscreen 1920x1080,Intel Core i3 6100U 2.3GHz,4GB,4.0,1TB HDD,Intel HD Graphics 520,Windows 10,2.08,2.3,1920,1080,1,1,Intel,Intel,42410.3472
Toshiba,Ultrabook,13.3,Full HD 1920x1080,Intel Core i5 6200U 2.3GHz,8GB,8.0,256GB SSD,Intel HD Graphics 520,Windows 10,1.2,2.3,1920,1080,0,0,Intel,Intel,84715.2
HP,Notebook,13.3,IPS Panel Full HD 1920x1080,Intel Core i5 7200U 2.5GHz,8GB,8.0,256GB SSD,Intel HD Graphics 620,Windows 10,1.11,2.5,1920,1080,0,1,Intel,Intel,61218.72
HP,Notebook,14.0,Full HD 1920x1080,Intel Core i7 7500U 2.7GHz,8GB,8.0,256GB SSD,Nvidia GeForce 930MX,Windows 10,1.64,2.7,1920,1080,0,0,Intel,Nvidia,63159.7104
Dell,Notebook,15.6,Full HD 1920x1080,Intel Core i5 6300U 2.4GHz,8GB,8.0,500GB HDD,Intel HD Graphics 520,Windows 10,2.09,2.4,1920,1080,0,0,Intel,Intel,55754.3232
HP,Ultrabook,12.5,1366x768,Intel Core i5 7200U 2.5GHz,4GB,4.0,256GB SSD,Intel HD Graphics 620,Windows 10,1.26,2.5,1366,768,0,0,Intel,Intel,83063.52
HP,Notebook,14.0,1366x768,Intel Core i5 7200U 2.5GHz,4GB,4.0,500GB HDD,Intel HD Graphics 620,Windows 10,2.31,2.5,1366,768,0,0,Intel,Intel,63349.92
HP,Notebook,14.0,1366x768,Intel Core i5 7200U 2.5GHz,4GB,4.0,500GB HDD,Intel HD Graphics 620,Windows 10,1.95,2.5,1366,768,0,0,Intel,Intel,56476.8
Dell,Ultrabook,13.3,Quad HD+ / Touchscreen 3200x1800,Intel Core i5 7200U 2.5GHz,8GB,8.0,256GB SSD,Intel HD Graphics 620,Windows 10,1.29,2.5,3200,1800,1,0,Intel,Intel,86526.72
HP,Notebook,17.3,Full HD 1920x1080,Intel Core i5 7200U 2.5GHz,8GB,8.0,256GB SSD,Nvidia GeForce 930MX,Windows 10,2.63,2.5,1920,1080,0,0,Intel,Nvidia,57542.4
HP,Notebook,14.0,1366x768,Intel Core i5 7200U 2.5GHz,4GB,4.0,256GB SSD,Intel HD Graphics 620,Windows 10,1.64,2.5,1366,768,0,0,Intel,Intel,51841.44
Acer,Notebook,15.6,1366x768,AMD A9-Series 9420 3GHz,6GB,6.0,1TB HDD,AMD Radeon R5,Windows 10,2.1,3.0,1366,768,0,0,AMD,AMD,21791.52
MSI,Gaming,17.3,Full HD 1920x1080,Intel Core i7 7700HQ 2.8GHz,8GB,8.0,128GB SSD +  1TB HDD,Nvidia GeForce GTX 1050,Windows 10,2.7,2.8,1920,1080,0,0,Intel,Nvidia,63499.104
HP,Notebook,14.0,Full HD 1920x1080,Intel Core i5 6200U 2.3GHz,8GB,8.0,256GB SSD,Intel HD Graphics 520,Windows 7,1.95,2.3,1920,1080,0,0,Intel,Intel,63669.6
HP,Notebook,15.6,Full HD 1920x1080,Intel Core i7 6500U 2.5GHz,8GB,8.0,256GB SSD,Intel HD Graphics 520,Windows 10,1.84,2.5,1920,1080,0,0,Intel,Intel,65480.5872
HP,Ultrabook,12.5,Full HD 1920x1080,Intel Core i7 6500U 2.5GHz,8GB,8.0,256GB SSD,Intel HD Graphics 520,Windows 10,1.26,2.5,1920,1080,0,0,Intel,Intel,71874.72
HP,Notebook,15.6,1366x768,Intel Core i5 7200U 2.5GHz,4GB,4.0,500GB HDD,Intel HD Graphics 620,Windows 10,2.04,2.5,1366,768,0,0,Intel,Intel,39533.76
Toshiba,Ultrabook,14.0,IPS Panel Full HD 1920x1080,Intel Core i7 6600U 2.6GHz,8GB,8.0,256GB SSD,Intel HD Graphics 520,Windows 10,1.47,2.6,1920,1080,0,1,Intel,Intel,91908.0
Dell,Notebook,15.6,Full HD 1920x1080,Intel Core i5 6300U 2.4GHz,8GB,8.0,256GB SSD,Intel HD Graphics 520,Windows 7,2.09,2.4,1920,1080,0,0,Intel,Intel,56633.976
HP,Notebook,14.0,Full HD 1920x1080,Intel Core i5 7200U 2.5GHz,8GB,8.0,256GB SSD,Intel HD Graphics 620,Windows 10,1.64,2.5,1920,1080,0,0,Intel,Intel,53839.9728
Lenovo,2 in 1 Convertible,15.6,IPS Panel Full HD / Touchscreen 1920x1080,Intel Core i7 6500U 2.5GHz,4GB,4.0,256GB SSD,Intel HD Graphics 520,Windows 10,1.8,2.5,1920,1080,1,1,Intel,Intel,45128.16
Vero,Notebook,14.0,1366x768,Intel Atom X5-Z8350 1.44GHz,2GB,2.0,32GB Flash Storage,Intel HD Graphics 400,Windows 10,1.45,1.44,1366,768,0,0,Intel,Intel,11231.424
Toshiba,Notebook,15.6,IPS Panel Full HD 1920x1080,Intel Core i7 6500U 2.5GHz,16GB,16.0,256GB SSD,Nvidia GeForce 930M,Windows 10,2.4,2.5,1920,1080,0,1,Intel,Nvidia,75924.0
Lenovo,Notebook,15.6,Full HD 1920x1080,Intel Core i5 6200U 2.3GHz,8GB,8.0,256GB SSD,Intel HD Graphics 520,Windows 10,2.3,2.3,1920,1080,0,0,Intel,Intel,55922.688
HP,Notebook,14.0,Full HD 1920x1080,Intel Core i5 6200U 2.3GHz,4GB,4.0,500GB HDD,Intel HD Graphics 520,Windows 10,1.54,2.3,1920,1080,0,0,Intel,Intel,53280.0
HP,Notebook,15.6,Full HD 1920x1080,Intel Core i5 6300U 2.4GHz,8GB,8.0,256GB SSD +  500GB HDD,Intel HD Graphics 520,Windows 10,1.84,2.4,1920,1080,0,0,Intel,Intel,112065.9552
HP,Notebook,14.0,Full HD 1920x1080,Intel Core i5 6200U 2.3GHz,8GB,8.0,256GB SSD,Intel HD Graphics 520,Windows 7,1.43,2.3,1920,1080,0,0,Intel,Intel,78268.32
MSI,Gaming,17.3,IPS Panel Full HD 1920x1080,Intel Core i7 6820HK 2.7GHz,16GB,16.0,256GB SSD +  1TB HDD,Nvidia GeForce GTX 980M,Windows 10,3.78,2.7,1920,1080,0,1,Intel,Nvidia,82351.6992
Lenovo,Gaming,17.3,IPS Panel Full HD 1920x1080,Intel Core i7 6700HQ 2.6GHz,16GB,16.0,128GB SSD +  1TB HDD,Nvidia GeForce GTX 980M,Windows 10,4.6,2.6,1920,1080,0,1,Intel,Nvidia,122010.6672
Asus,Netbook,11.6,1366x768,Intel Celeron Dual Core N3060 1.6GHz,4GB,4.0,16GB Flash Storage,Intel HD Graphics 400,Chrome OS,1.2,1.6,1366,768,0,0,Intel,Intel,15339.312
Lenovo,Notebook,14.0,IPS Panel 2560x1440,Intel Core i7 6600U 2.6GHz,16GB,16.0,256GB SSD,Intel HD Graphics 520,Windows 7,1.1,2.6,2560,1440,0,1,Intel,Intel,139593.6
HP,Notebook,15.6,IPS Panel Full HD 1920x1080,Intel Core i7 7500U 2.7GHz,8GB,8.0,1TB HDD,Nvidia GeForce 940MX,Windows 10,1.91,2.7,1920,1080,0,1,Intel,Nvidia,52161.12
Dell,2 in 1 Convertible,15.6,IPS Panel Full HD / Touchscreen 1920x1080,Intel Core i5 7200U 2.7GHz,8GB,8.0,256GB SSD,Intel HD Graphics 620,Windows 10,2.3,2.7,1920,1080,1,1,Intel,Intel,58288.32
HP,Notebook,15.6,1366x768,Intel Core i5 7200U 2.5GHz,4GB,4.0,256GB SSD,Intel HD Graphics 620,Windows 10,2.04,2.5,1366,768,0,0,Intel,Intel,52161.12
Dell,Ultrabook,13.3,Quad HD+ / Touchscreen 3200x1800,Intel Core i7 7500U 2.7GHz,16GB,16.0,1TB SSD,Intel HD Graphics 620,Windows 10,1.2,2.7,3200,1800,1,0,Intel,Intel,120093.12
HP,Notebook,15.6,1366x768,Intel Core i3 6100U 2.3GHz,4GB,4.0,500GB HDD,Intel HD Graphics 520,Windows 10,2.31,2.3,1366,768,0,0,Intel,Intel,37570.392
HP,Notebook,15.6,1366x768,Intel Core i5 7200U 2.5GHz,4GB,4.0,500GB HDD,Intel HD Graphics 620,No OS,1.96,2.5,1366,768,0,0,Intel,Intel,26586.72
Acer,Notebook,15.6,1366x768,AMD A8-Series 7410 2.2GHz,8GB,8.0,1TB HDD,AMD Radeon R5,Windows 10,2.4,2.2,1366,768,0,0,AMD,AMD,23922.72
Dell,2 in 1 Convertible,13.3,IPS Panel Full HD / Touchscreen 1920x1080,Intel Core i7 7500U 2.7GHz,12GB,12.0,256GB SSD,Intel HD Graphics 620,Windows 10,1.6,2.7,1920,1080,1,1,Intel,Intel,69210.72
MSI,Gaming,15.6,Full HD 1920x1080,Intel Core i7 6700HQ 2.6GHz,16GB,16.0,256GB SSD +  1TB HDD,Nvidia GeForce GTX 1060,Windows 10,2.94,2.6,1920,1080,0,0,Intel,Nvidia,96916.32
Asus,Gaming,17.3,IPS Panel Full HD 1920x1080,Intel Core i7 6700HQ 2.6GHz,16GB,16.0,1TB HDD,Nvidia GeForce GTX 965M,No OS,4.0,2.6,1920,1080,0,1,Intel,Nvidia,53173.44
Dell,Notebook,15.6,Full HD 1920x1080,Intel Core i5 7200U 2.5GHz,4GB,4.0,1TB HDD,Intel HD Graphics,Windows 10,2.25,2.5,1920,1080,0,0,Intel,Intel,29783.52
Dell,Notebook,15.6,Full HD 1920x1080,Intel Core i7 7500U 2.7GHz,16GB,16.0,2TB HDD,AMD Radeon R7 M445,Windows 10,2.32,2.7,1920,1080,0,0,Intel,AMD,52746.6672
MSI,Gaming,15.6,Full HD 1920x1080,Intel Core i7 6700HQ 2.6GHz,16GB,16.0,256GB SSD +  1TB HDD,Nvidia GeForce GTX 1060,Windows 10,1.8,2.6,1920,1080,0,0,Intel,Nvidia,102777.12
Dell,Ultrabook,13.3,Full HD 1920x1080,Intel Core i7 7500U 2.7GHz,8GB,8.0,256GB SSD,Intel HD Graphics 620,Windows 10,1.29,2.7,1920,1080,0,0,Intel,Intel,77682.24
Asus,Gaming,17.3,IPS Panel Full HD 1920x1080,Intel Core i7 6820HK 2.7GHz,64GB,64.0,1TB SSD,Nvidia GeForce GTX 980 ,Windows 10,3.58,2.7,1920,1080,0,1,Intel,Nvidia,211788.0
Dell,2 in 1 Convertible,13.3,Full HD / Touchscreen 1920x1080,Intel Core i7 6500U 2.5GHz,8GB,8.0,256GB SSD,Intel HD Graphics 520,Windows 10,1.62,2.5,1920,1080,1,0,Intel,Intel,42517.9728
Dell,Gaming,15.6,4K Ultra HD 3840x2160,Intel Core i7 6700HQ 2.6GHz,16GB,16.0,256GB SSD +  1TB HDD,Nvidia GeForce GTX 970M,Windows 10,3.21,2.6,3840,2160,0,0,Intel,Nvidia,70809.12
Apple,Ultrabook,12.0,IPS Panel Retina Display 2304x1440,Intel Core M 1.1GHz,8GB,8.0,256GB Flash Storage,Intel HD Graphics 515,Mac OS X,0.92,1.1,2304,1440,0,1,Intel,Intel,69264.0
Dell,Notebook,15.6,1366x768,Intel Core i3 6100U 2.3GHz,4GB,4.0,500GB HDD,Intel HD Graphics 520,Windows 10,2.06,2.3,1366,768,0,0,Intel,Intel,25679.8944
HP,Notebook,15.6,1366x768,Intel Core i5 6200U 2.3GHz,4GB,4.0,500GB HDD,Intel HD Graphics 520,Windows 10,2.31,2.3,1366,768,0,0,Intel,Intel,63882.72
HP,Ultrabook,12.5,Full HD 1920x1080,Intel Core i5 6200U 2.3GHz,8GB,8.0,256GB SSD,Intel HD Graphics 520,Windows 7,1.26,2.3,1920,1080,0,0,Intel,Intel,63882.72
HP,Notebook,13.3,Full HD 1920x1080,Intel Core i7 7500U 2.7GHz,8GB,8.0,256GB SSD,Intel HD Graphics 620,Windows 10,1.49,2.7,1920,1080,0,0,Intel,Intel,58075.2
Lenovo,Ultrabook,12.5,IPS Panel Full HD / Touchscreen 1920x1080,Intel Core i7 6500U 2.5GHz,8GB,8.0,256GB SSD,Intel HD Graphics 520,Windows 10,1.3,2.5,1920,1080,1,1,Intel,Intel,91294.7472
Lenovo,Notebook,17.3,1600x900,Intel Core i5 6200U 2.3GHz,8GB,8.0,1.0TB HDD,AMD Radeon R5 M330,Windows 10,3.0,2.3,1600,900,0,0,Intel,AMD,35111.52
Lenovo,Notebook,15.6,IPS Panel Full HD 1920x1080,Intel Core i5 6300HQ 2.3GHz,4GB,4.0,1TB HDD,Nvidia GeForce GTX 950M,Windows 10,2.3,2.3,1920,1080,0,1,Intel,Nvidia,52054.56
MSI,Gaming,17.3,Full HD 1920x1080,Intel Core i7 7700HQ 2.8GHz,16GB,16.0,256GB SSD +  1TB HDD,Nvidia GeForce GTX 1070,Windows 10,3.78,2.8,1920,1080,0,0,Intel,Nvidia,133146.72
Lenovo,Notebook,15.6,1366x768,Intel Core i5 6200U 2.3GHz,4GB,4.0,500GB HDD,Intel HD Graphics 520,Windows 10,2.1,2.3,1366,768,0,0,Intel,Intel,28771.2
HP,Notebook,15.6,Full HD 1920x1080,Intel Core i5 6200U 2.3GHz,4GB,4.0,500GB HDD,Intel HD Graphics 520,Windows 7,2.31,2.3,1920,1080,0,0,Intel,Intel,50083.2
Lenovo,Ultrabook,12.5,IPS Panel Touchscreen 2560x1440,Intel Core M 6Y75 1.2GHz,8GB,8.0,512GB SSD,Intel HD Graphics 515,Windows 10,0.99,1.2,2560,1440,1,1,Intel,Intel,74538.72
Lenovo,Gaming,17.3,IPS Panel Full HD 1920x1080,Intel Core i7 6820HK 2.7GHz,32GB,32.0,512GB SSD +  1.0TB Hybrid,Nvidia GeForce GTX 980M,Windows 10,4.6,2.7,1920,1080,0,1,Intel,Nvidia,172627.2
Lenovo,2 in 1 Convertible,10.1,IPS Panel Touchscreen 1920x1200,Intel Atom x5-Z8550 1.44GHz,4GB,4.0,64GB Flash Storage,Intel HD Graphics 400,Windows 10,0.69,1.44,1920,1200,1,1,Intel,Intel,34433.2656
HP,Ultrabook,13.3,IPS Panel 4K Ultra HD 3840x2160,Intel Core i7 7500U 2.7GHz,16GB,16.0,512GB SSD,Intel HD Graphics 620,Windows 10,1.3,2.7,3840,2160,0,1,Intel,Intel,109170.72
Dell,Notebook,15.6,Full HD 1920x1080,Intel Core i5 7200U 2.5GHz,8GB,8.0,256GB SSD,Intel HD Graphics 620,Windows 10,2.18,2.5,1920,1080,0,0,Intel,Intel,39960.0
HP,Notebook,14.0,Full HD 1920x1080,Intel Core i5 6200U 2.3GHz,4GB,4.0,500GB HDD,Intel HD Graphics 520,Windows 7,1.54,2.3,1920,1080,0,0,Intel,Intel,54931.1472
HP,Workstation,15.6,Full HD 1920x1080,Intel Core i7 6500U 2.5GHz,8GB,8.0,256GB SSD,AMD FirePro W4190M,Windows 7,1.9,2.5,1920,1080,0,0,Intel,AMD,79653.6
Lenovo,Notebook,14.0,Full HD 1920x1080,Intel Core i5 6200U 2.3GHz,8GB,8.0,180GB SSD,Intel HD Graphics 520,Windows 7,1.7,2.3,1920,1080,0,0,Intel,Intel,63882.72
HP,Notebook,13.3,Quad HD+ 3200x1800,Intel Pentium Dual Core 4405Y 1.5GHz,4GB,4.0,32GB Flash Storage,Intel HD Graphics 515,Chrome OS,1.29,1.5,3200,1800,0,0,Intel,Intel,32767.2
Acer,Notebook,15.6,1366x768,AMD A8-Series 7410 2.2GHz,4GB,4.0,500GB HDD,AMD Radeon R5,Windows 10,2.4,2.2,1366,768,0,0,AMD,AMD,20619.36
Dell,Notebook,15.6,1366x768,Intel Pentium Quad Core N3700 1.6GHz,4GB,4.0,500GB HDD,Intel HD Graphics,Linux,2.2,1.6,1366,768,0,0,Intel,Intel,20965.1472
HP,Notebook,15.6,1366x768,Intel Core i3 6006U 2GHz,4GB,4.0,1TB HDD,Intel HD Graphics 520,No OS,1.86,2.0,1366,768,0,0,Intel,Intel,18434.3472
Asus,Gaming,17.3,IPS Panel Full HD 1920x1080,Intel Core i7 7700HQ 2.8GHz,8GB,8.0,256GB SSD +  1TB HDD,Nvidia GeForce GTX 1060,Windows 10,2.7,2.8,1920,1080,0,1,Intel,Nvidia,85194.72
Dell,Ultrabook,13.3,IPS Panel Full HD 1920x1080,Intel Core i5 8250U 1.6GHz,4GB,4.0,256GB SSD,AMD Radeon 530,Windows 10,1.4,1.6,1920,1080,0,1,Intel,AMD,43601.688
HP,Netbook,12.5,1366x768,Intel Core i5 6200U 2.3GHz,4GB,4.0,128GB SSD,Intel HD Graphics 520,Windows 7,2.4,2.3,1366,768,0,0,Intel,Intel,85194.72
Acer,Notebook,15.6,Full HD 1920x1080,Intel Core i5 7200U 2.5GHz,8GB,8.0,256GB SSD +  1TB HDD,Nvidia GeForce GTX 950M,Windows 10,2.4,2.5,1920,1080,0,0,Intel,Nvidia,42570.72
Dell,Notebook,15.6,Full HD 1920x1080,Intel Core i5 7200U 2.5GHz,8GB,8.0,1TB HDD,AMD Radeon R7 M445,Windows 10,2.36,2.5,1920,1080,0,0,Intel,AMD,34035.264
MSI,Gaming,17.3,Full HD 1920x1080,Intel Core i7 6700HQ 2.6GHz,8GB,8.0,256GB SSD,Nvidia GeForce GTX 965M,Windows 10,2.6,2.6,1920,1080,0,0,Intel,Nvidia,85194.72
HP,Notebook,15.6,1366x768,Intel Pentium Quad Core N3710 1.6GHz,4GB,4.0,1TB HDD,Intel HD Graphics 405,Windows 10,1.96,1.6,1366,768,0,0,Intel,Intel,26640.0
Asus,Gaming,17.3,IPS Panel Full HD 1920x1080,Intel Core i7 6700HQ 2.6GHz,16GB,16.0,128GB SSD +  1TB HDD,Nvidia GeForce GTX 980M,Windows 10,4.3,2.6,1920,1080,0,1,Intel,Nvidia,122490.72
Dell,Ultrabook,12.5,1366x768,Intel Core i3 6100U 2.3GHz,4GB,4.0,500GB HDD,Intel HD Graphics 520,Windows 7,1.5,2.3,1366,768,0,0,Intel,Intel,60480.792
Dell,Ultrabook,12.5,1366x768,Intel Core i3 6100U 2.3GHz,4GB,4.0,128GB SSD,Intel HD Graphics 520,Windows 7,1.5,2.3,1366,768,0,0,Intel,Intel,62176.1616
Acer,Notebook,15.6,1366x768,Intel Celeron Dual Core 3205U 1.5GHz,4GB,4.0,16GB SSD,Intel HD Graphics,Chrome OS,2.2,1.5,1366,768,0,0,Intel,Intel,11135.52
HP,Workstation,17.3,IPS Panel Full HD 1920x1080,Intel Core i7 6700HQ 2.6GHz,8GB,8.0,1TB HDD,AMD FirePro W6150M,Windows 7,3.0,2.6,1920,1080,0,1,Intel,AMD,154458.72
Lenovo,Gaming,15.6,Full HD 1920x1080,Intel Core i7 7700HQ 2.8GHz,16GB,16.0,512GB SSD,Nvidia GeForce GTX 1050 Ti,Windows 10,2.4,2.8,1920,1080,0,0,Intel,Nvidia,63882.72
Dell,Ultrabook,12.5,1366x768,Intel Core i5 6200U 2.3GHz,8GB,8.0,256GB SSD,Intel HD Graphics 520,Windows 7,1.5,2.3,1366,768,0,0,Intel,Intel,75289.968
MSI,Gaming,17.3,Full HD 1920x1080,Intel Core i7 6700HQ 2.6GHz,8GB,8.0,128GB SSD +  1TB HDD,Nvidia GeForce GTX 960M,Windows 10,2.9,2.6,1920,1080,0,0,Intel,Nvidia,80516.2032
Lenovo,2 in 1 Convertible,15.6,IPS Panel Full HD / Touchscreen 1920x1080,Intel Core i5 6200U 2.3GHz,4GB,4.0,256GB SSD,Intel HD Graphics 520,Windows 10,2.1,2.3,1920,1080,1,1,Intel,Intel,46193.76
HP,Notebook,15.6,Full HD 1920x1080,AMD A6-Series 9220 2.5GHz,4GB,4.0,1TB HDD,AMD Radeon R4,Windows 10,2.1,2.5,1920,1080,0,0,AMD,AMD,21205.44
Asus,Gaming,15.6,IPS Panel Full HD 1920x1080,Intel Core i7 6700HQ 2.6GHz,16GB,16.0,128GB SSD +  1TB HDD,Nvidia GeForce GTX 960M,Windows 10,2.59,2.6,1920,1080,0,1,Intel,Nvidia,71341.92
HP,Notebook,13.3,Quad HD+ / Touchscreen 3200x1800,Intel Core M 6Y54 1.1GHz,8GB,8.0,256GB SSD,Intel HD Graphics 515,Windows 10,1.16,1.1,3200,1800,1,0,Intel,Intel,90522.72
Dell,Notebook,15.6,1366x768,Intel Core i5 6200U 2.3GHz,4GB,4.0,500GB HDD,AMD Radeon R5 M315,Windows 7,2.24,2.3,1366,768,0,0,Intel,AMD,40980.312
Lenovo,Notebook,15.6,1366x768,Intel Core i3 6006U 2.0GHz,4GB,4.0,128GB SSD,Intel HD Graphics 520,Windows 10,2.1,2.0,1366,768,0,0,Intel,Intel,22857.12
HP,Ultrabook,13.3,Full HD 1920x1080,Intel Core i7 6500U 2.5GHz,8GB,8.0,512GB SSD,Intel HD Graphics 520,Windows 10,1.16,2.5,1920,1080,0,0,Intel,Intel,104908.32
Lenovo,2 in 1 Convertible,10.1,IPS Panel Touchscreen 1920x1200,Intel Atom x5-Z8550 1.44GHz,4GB,4.0,64GB Flash Storage,Intel HD Graphics 400,Android,0.69,1.44,1920,1200,1,1,Intel,Intel,29250.72
Dell,Ultrabook,13.3,Full HD 1920x1080,Intel Core i7 7560U 2.4GHz,8GB,8.0,256GB SSD,Intel Iris Plus Graphics 640,Windows 10,1.23,2.4,1920,1080,0,0,Intel,Intel,73473.12
Lenovo,Gaming,17.3,IPS Panel Full HD 1920x1080,Intel Core i7 6820HK 2.7GHz,16GB,16.0,256GB SSD +  1.0TB Hybrid,Nvidia GeForce GTX 980M,Windows 10,4.6,2.7,1920,1080,0,1,Intel,Nvidia,146519.4672
Razer,Ultrabook,12.5,Touchscreen / 4K Ultra HD 3840x2160,Intel Core i7 6500U 2.5GHz,8GB,8.0,256GB SSD,Intel HD Graphics 520,Windows 10,1.25,2.5,3840,2160,1,0,Intel,Intel,54825.12
Toshiba,Ultrabook,13.3,Full HD 1920x1080,Intel Core i7 7500U 2.7GHz,16GB,16.0,512GB SSD,Intel HD Graphics 620,Windows 10,1.05,2.7,1920,1080,0,0,Intel,Intel,118601.28
Asus,Gaming,17.3,Full HD 1920x1080,Intel Core i7 6700HQ 2.6GHz,8GB,8.0,128GB SSD +  1TB HDD,Nvidia GeForce GTX 960M,Windows 10,3.52,2.6,1920,1080,0,0,Intel,Nvidia,69929.4672
Vero,Notebook,13.3,Full HD 1920x1080,Intel Atom X5-Z8350 1.44GHz,4GB,4.0,32GB Flash Storage,Intel HD Graphics 400,Windows 10,1.35,1.44,1920,1080,0,0,Intel,Intel,10442.88
HP,Notebook,13.3,Full HD 1920x1080,Intel Core i5 6200U 2.3GHz,8GB,8.0,256GB SSD,Intel HD Graphics 520,Windows 10,1.16,2.3,1920,1080,0,0,Intel,Intel,90043.2
HP,Notebook,14.0,Full HD 1920x1080,Intel Core i5 6200U 2.3GHz,8GB,8.0,256GB SSD,Intel HD Graphics 520,Windows 7,1.43,2.3,1920,1080,0,0,Intel,Intel,80612.64
Dell,Notebook,15.6,1366x768,Intel Core i5 6200U 2.3GHz,4GB,4.0,500GB HDD,Intel HD Graphics 520,Linux,2.09,2.3,1366,768,0,0,Intel,Intel,27899.0064
Asus,Notebook,15.6,1366x768,Intel Core i3 7100U 2.4GHz,4GB,4.0,1TB HDD,Intel HD Graphics 620,Windows 10,2.0,2.4,1366,768,0,0,Intel,Intel,23176.8
Lenovo,2 in 1 Convertible,14.0,IPS Panel Full HD / Touchscreen 1920x1080,Intel Core i7 6500U 2.5GHz,8GB,8.0,256GB SSD,Intel HD Graphics 520,Windows 10,1.8,2.5,1920,1080,1,1,Intel,Intel,88924.32
Lenovo,2 in 1 Convertible,10.1,IPS Panel Touchscreen 1920x1200,Intel Atom x5-Z8550 1.44GHz,4GB,4.0,64GB Flash Storage,Intel HD Graphics 400,Windows 10,0.69,1.44,1920,1200,1,1,Intel,Intel,25521.12
HP,Ultrabook,12.5,1366x768,Intel Core i5 6300U 2.4GHz,8GB,8.0,256GB SSD,Intel HD Graphics 520,Windows 7,1.26,2.4,1366,768,0,0,Intel,Intel,100965.6
Lenovo,Gaming,15.6,IPS Panel Full HD 1920x1080,Intel Core i5 7300HQ 2.5GHz,8GB,8.0,128GB SSD +  1TB HDD,Nvidia GeForce GTX 1060,No OS,2.4,2.5,1920,1080,0,1,Intel,Nvidia,52693.92
HP,Gaming,17.3,IPS Panel Full HD 1920x1080,Intel Core i5 6300HQ 2.3GHz,8GB,8.0,128GB SSD +  1TB HDD,Nvidia GeForce GTX 1060,Windows 10,3.35,2.3,1920,1080,0,1,Intel,Nvidia,60153.12
HP,Notebook,15.6,1366x768,Intel Core i7 7500U 2.7GHz,8GB,8.0,2TB HDD,Intel HD Graphics 620,Windows 10,2.04,2.7,1366,768,0,0,Intel,Intel,33513.12
Lenovo,2 in 1 Convertible,14.0,IPS Panel Full HD / Touchscreen 1920x1080,Intel Core i7 6600U 2.6GHz,8GB,8.0,512GB SSD,Nvidia Quadro M500M,Windows 7,1.8,2.6,1920,1080,1,1,Intel,Nvidia,109244.2464
Asus,Notebook,14.0,1366x768,Intel Celeron Dual Core N3350 1.1GHz,4GB,4.0,32GB Flash Storage,Intel HD Graphics 500,Windows 10,1.5,1.1,1366,768,0,0,Intel,Intel,14811.84
HP,Ultrabook,15.6,Full HD 1920x1080,Intel Core i7 7500U 2.7GHz,8GB,8.0,256GB SSD,Intel HD Graphics 620,Windows 10,1.84,2.7,1920,1080,0,0,Intel,Intel,40066.56
Acer,Notebook,15.6,Full HD 1920x1080,Intel Core i5 7200U 2.5GHz,4GB,4.0,1TB HDD,Nvidia GeForce 940MX,Windows 10,2.23,2.5,1920,1080,0,0,Intel,Nvidia,32820.48
Lenovo,Notebook,15.6,Full HD 1920x1080,Intel Core i7 6500U 2.5GHz,16GB,16.0,1.0TB Hybrid,AMD Radeon R7 M360,Windows 10,2.5,2.5,1920,1080,0,0,Intel,AMD,58554.72
HP,Workstation,17.3,IPS Panel Full HD 1920x1080,Intel Core i7 6700HQ 2.6GHz,8GB,8.0,256GB SSD,Nvidia Quadro M3000M,Windows 7,3.0,2.6,1920,1080,0,1,Intel,Nvidia,210424.032
Dell,Notebook,15.6,1366x768,Intel Core i5 7200U 2.5GHz,8GB,8.0,1TB HDD,AMD Radeon R7 M445,Windows 10,2.5,2.5,1366,768,0,0,Intel,AMD,41771.52
MSI,Gaming,17.3,Full HD 1920x1080,Intel Core i7 6820HQ 2.7GHz,16GB,16.0,256GB SSD +  1TB HDD,Nvidia GeForce GTX 980M,Windows 10,3.78,2.7,1920,1080,0,0,Intel,Nvidia,127818.72
HP,Ultrabook,15.6,Full HD 1920x1080,Intel Core i7 6500U 2.5GHz,8GB,8.0,256GB SSD,Intel HD Graphics 520,Windows 7,1.88,2.5,1920,1080,0,0,Intel,Intel,115709.2416
Lenovo,2 in 1 Convertible,14.0,IPS Panel Touchscreen 2560x1440,Intel Core i7 6600U 2.6GHz,16GB,16.0,512GB SSD,Intel HD Graphics 520,Windows 10,2.8,2.6,2560,1440,1,1,Intel,Intel,130003.2
MSI,Gaming,15.6,Full HD 1920x1080,Intel Core i7 7700HQ 2.8GHz,8GB,8.0,128GB SSD +  1TB HDD,Nvidia GeForce GTX 1050,Windows 10,2.4,2.8,1920,1080,0,0,Intel,Nvidia,60888.384
HP,2 in 1 Convertible,13.3,Full HD / Touchscreen 1920x1080,Intel Core i5 6300U 2.4GHz,8GB,8.0,256GB SSD,Intel HD Graphics 520,Windows 10,1.48,2.4,1920,1080,1,0,Intel,Intel,86793.12
HP,Workstation,15.6,IPS Panel Full HD 1920x1080,Intel Core i7 6700HQ 2.6GHz,8GB,8.0,256GB SSD,Nvidia Quadro M1000M,Windows 7,2.59,2.6,1920,1080,0,1,Intel,Nvidia,118761.12
HP,2 in 1 Convertible,13.3,Touchscreen 2560x1440,Intel Core i7 6600U 2.6GHz,8GB,8.0,256GB SSD,Intel HD Graphics 520,Windows 10,1.48,2.6,2560,1440,1,0,Intel,Intel,95850.72
HP,Workstation,15.6,Full HD 1920x1080,Intel Core i7 6700HQ 2.6GHz,8GB,8.0,256GB SSD,Nvidia Quadro M1000M,Windows 7,2.0,2.6,1920,1080,0,0,Intel,Nvidia,101178.72
HP,Ultrabook,12.5,Full HD 1920x1080,Intel Core i7 6500U 2.50GHz,8GB,8.0,256GB SSD,Intel HD Graphics 520,Windows 7,1.26,2.5,1920,1080,0,0,Intel,Intel,122381.496
Dell,Notebook,15.6,Full HD 1920x1080,Intel Core i7 7500U 2.7GHz,8GB,8.0,256GB SSD,Nvidia GeForce 940MX,Windows 10,2.18,2.7,1920,1080,0,0,Intel,Nvidia,53807.472
HP,Notebook,15.6,Full HD 1920x1080,Intel Core i5 6200U 2.3GHz,8GB,8.0,256GB SSD,Intel HD Graphics 520,Windows 7,1.88,2.3,1920,1080,0,0,Intel,Intel,84129.12
Lenovo,2 in 1 Convertible,14.0,IPS Panel Touchscreen 2560x1440,Intel Core i7 6500U 2.5GHz,8GB,8.0,256GB SSD,Intel HD Graphics 520,Windows 10,1.27,2.5,2560,1440,1,1,Intel,Intel,124621.92
Lenovo,Notebook,15.6,1366x768,Intel Core i3 6006U 2.0GHz,4GB,4.0,1TB HDD,Intel HD Graphics 520,No OS,1.9,2.0,1366,768,0,0,Intel,Intel,18061.92
HP,Notebook,15.6,1366x768,AMD E-Series 7110 1.8GHz,4GB,4.0,500GB HDD,AMD Radeon R2 Graphics,Windows 10,1.86,1.8,1366,768,0,0,AMD,AMD,15824.16
Lenovo,Notebook,15.6,Full HD 1920x1080,Intel Core i5 6200U 2.3GHz,8GB,8.0,1TB HDD,AMD Radeon R5 M330,No OS,2.32,2.3,1920,1080,0,0,Intel,AMD,31914.72
Dell,Gaming,15.6,Full HD 1920x1080,Intel Core i7 7700HQ 2.8GHz,8GB,8.0,1TB HDD,Nvidia GeForce GTX 1050Ti,Windows 10,2.62,2.8,1920,1080,0,0,Intel,Nvidia,63882.72
Dell,Notebook,15.6,IPS Panel Touchscreen / 4K Ultra HD 3840x2160,Intel Core i5 6300HQ 2.3GHz,8GB,8.0,256GB SSD,Nvidia GeForce 960M,Windows 10,2.04,2.3,3840,2160,1,1,Intel,Nvidia,119916.2304
HP,Notebook,15.6,Full HD 1920x1080,AMD A6-Series A6-9220 2.5GHz,4GB,4.0,256GB SSD,AMD Radeon 520,Windows 10,1.91,2.5,1920,1080,0,0,AMD,AMD,25515.2592
MSI,Gaming,17.3,Full HD 1920x1080,Intel Core i7 7700HQ 2.8GHz,16GB,16.0,256GB SSD +  1TB HDD,Nvidia GeForce GTX 1050 Ti,Windows 10,2.7,2.8,1920,1080,0,0,Intel,Nvidia,79536.384
Lenovo,Ultrabook,14.0,Full HD 1920x1080,Intel Core i7 6600U 2.6GHz,12GB,12.0,512GB SSD,Intel HD Graphics 520,Windows 7,1.4,2.6,1920,1080,0,0,Intel,Intel,122490.72
Lenovo,Notebook,15.6,Full HD 1920x1080,Intel Core i5 6200U 2.3GHz,8GB,8.0,1.0TB Hybrid,AMD Radeon R5 M330,Windows 10,2.5,2.3,1920,1080,0,0,Intel,AMD,42010.7472
HP,2 in 1 Convertible,13.3,Touchscreen 2560x1440,Intel Core i7 6600U 2.6GHz,8GB,8.0,512GB SSD,Intel HD Graphics 520,Windows 10,1.48,2.6,2560,1440,1,0,Intel,Intel,108744.48
Lenovo,Ultrabook,14.0,Full HD 1920x1080,Intel Core i7 6600U 2.6GHz,8GB,8.0,256GB SSD,Intel HD Graphics 520,Windows 7,1.7,2.6,1920,1080,0,0,Intel,Intel,79866.72
MSI,Gaming,14.0,Full HD 1920x1080,Intel Core i7 6700HQ 2.6GHz,16GB,16.0,256GB SSD +  1TB HDD,Nvidia GeForce GTX 970M,Windows 10,1.7,2.6,1920,1080,0,0,Intel,Nvidia,94252.32
HP,Gaming,15.6,IPS Panel Full HD 1920x1080,Intel Core i7 7700HQ 2.8GHz,8GB,8.0,1TB HDD,Nvidia GeForce GTX 1050,Windows 10,2.62,2.8,1920,1080,0,1,Intel,Nvidia,47898.72
Lenovo,Notebook,15.6,1366x768,Intel Core i3 6006U 2.0GHz,8GB,8.0,1TB HDD,Intel HD Graphics 520,Windows 10,2.2,2.0,1366,768,0,0,Intel,Intel,24455.52
HP,Notebook,15.6,1366x768,Intel Core i5 6200U 2.3GHz,4GB,4.0,500GB HDD,Intel HD Graphics 520,No OS,2.1,2.3,1366,768,0,0,Intel,Intel,25414.0272
Dell,Gaming,15.6,4K Ultra HD 3840x2160,Intel Core i7 7700HQ 2.8GHz,8GB,8.0,128GB SSD +  1TB HDD,Nvidia GeForce GTX 1050 Ti,Windows 10,2.62,2.8,3840,2160,0,0,Intel,Nvidia,79813.44
Lenovo,Notebook,15.6,IPS Panel Full HD 1920x1080,Intel Core i5 7200U 2.5GHz,8GB,8.0,256GB SSD,Intel HD Graphics 620,Windows 10,1.95,2.5,1920,1080,0,1,Intel,Intel,74059.2
Lenovo,Notebook,15.6,Full HD 1920x1080,Intel Core i3 6006U 2GHz,4GB,4.0,1TB HDD,Nvidia GeForce 920MX ,Windows 10,2.2,2.0,1920,1080,0,0,Intel,Nvidia,24935.04
HP,Notebook,14.0,1366x768,Intel Celeron Dual Core N3060 1.6GHz,2GB,2.0,32GB Flash Storage,Intel HD Graphics 400,Windows 10,1.44,1.6,1366,768,0,0,Intel,Intel,13266.72
MSI,Gaming,15.6,IPS Panel Full HD 1920x1080,Intel Core i7 7500U 2.7GHz,8GB,8.0,1TB HDD,Nvidia GeForce GTX 1050,Windows 10,2.2,2.7,1920,1080,0,1,Intel,Nvidia,44701.92
HP,Notebook,15.6,Full HD 1920x1080,Intel Core i7 6500U 2.5GHz,8GB,8.0,256GB SSD,Intel HD Graphics 520,Windows 10,1.96,2.5,1920,1080,0,0,Intel,Intel,36177.12
HP,Notebook,15.6,Full HD 1920x1080,Intel Core i7 8550U 1.8GHz,16GB,16.0,512GB SSD,Intel UHD Graphics 620,Windows 10,2.1,1.8,1920,1080,0,0,Intel,Intel,61751.52
Asus,Notebook,15.6,1366x768,Intel Celeron Dual Core N3050 1.6GHz,4GB,4.0,500GB HDD,Intel HD Graphics,Windows 10,2.2,1.6,1366,768,0,0,Intel,Intel,19660.32
Lenovo,Notebook,15.6,1366x768,Intel Core i5 6200U 2.3GHz,4GB,4.0,500GB HDD,Intel HD Graphics 520,No OS,2.1,2.3,1366,768,0,0,Intel,Intel,21205.44
Lenovo,Notebook,15.6,Full HD 1920x1080,Intel Core i7 7500U 2.7GHz,8GB,8.0,1TB HDD,Nvidia GeForce 940MX,No OS,2.2,2.7,1920,1080,0,0,Intel,Nvidia,37775.52
Asus,Notebook,14.0,Full HD 1920x1080,Intel Core i3 7100U 2.4GHz,4GB,4.0,256GB SSD,Intel HD Graphics 620,Windows 10,2.0,2.4,1920,1080,0,0,Intel,Intel,40972.32
Lenovo,Notebook,15.6,Full HD 1920x1080,Intel Core i7 6500U 2.5GHz,4GB,4.0,1.0TB Hybrid,Intel HD Graphics 520,Windows 7,2.32,2.5,1920,1080,0,0,Intel,Intel,43956.0
Lenovo,Gaming,15.6,IPS Panel Full HD 1920x1080,Intel Core i7 6700HQ 2.6GHz,16GB,16.0,512GB SSD,Nvidia GeForce GTX 960,Windows 10,3.31,2.6,1920,1080,0,1,Intel,Nvidia,69530.4
MSI,Gaming,15.6,Full HD 1920x1080,Intel Core i7 6700HQ 2.6GHz,16GB,16.0,128GB SSD +  1TB HDD,Nvidia GeForce GTX 970M,Windows 10,1.91,2.6,1920,1080,0,0,Intel,Nvidia,114731.5536
HP,Notebook,15.6,1366x768,Intel Core i3 6100U 2.3GHz,4GB,4.0,500GB HDD,Intel HD Graphics 520,Windows 10,2.07,2.3,1366,768,0,0,Intel,Intel,34632.0
Lenovo,2 in 1 Convertible,14.0,IPS Panel Touchscreen 2560x1440,Intel Core i5 6200U 2.3GHz,8GB,8.0,256GB SSD,Intel HD Graphics 520,Windows 10,1.36,2.3,2560,1440,1,1,Intel,Intel,87219.36
Lenovo,Ultrabook,15.6,Full HD 1920x1080,Intel Core i7 7500U 2.7GHz,6GB,6.0,256GB SSD,Nvidia GeForce 920M,Windows 10,1.54,2.7,1920,1080,0,0,Intel,Nvidia,44275.68
Dell,Notebook,15.6,Full HD 1920x1080,Intel Core i7 7500U 2.7GHz,8GB,8.0,256GB SSD,Nvidia GeForce GT 940MX,Linux,1.98,2.7,1920,1080,0,0,Intel,Nvidia,47686.1328
Acer,Notebook,15.6,1366x768,Intel Celeron Dual Core N3350 2GHz,4GB,4.0,500GB HDD,Intel HD Graphics 500,Windows 10,2.1,2.0,1366,768,0,0,Intel,Intel,17742.24
HP,Notebook,15.6,IPS Panel Full HD 1920x1080,Intel Core i7 6700HQ 2.6GHz,6GB,6.0,1TB HDD,Nvidia GeForce GTX 960M,Windows 10,2.18,2.6,1920,1080,0,1,Intel,Nvidia,42570.72
Asus,Gaming,15.6,IPS Panel Full HD 1920x1080,Intel Core i7 6700HQ 2.6GHz,8GB,8.0,256GB SSD +  1TB HDD,Nvidia GeForce GTX 960M,Windows 10,2.591,2.6,1920,1080,0,1,Intel,Nvidia,48431.52
Dell,2 in 1 Convertible,15.6,Full HD / Touchscreen 1920x1080,Intel Core i7 7500U 2.7GHz,16GB,16.0,512GB SSD,Intel HD Graphics 620,Windows 10,2.09,2.7,1920,1080,1,0,Intel,Intel,62817.12
Acer,Notebook,15.6,Full HD 1920x1080,Intel Core i5 7200U 2.5GHz,4GB,4.0,256GB SSD,Nvidia GeForce 940MX,Windows 10,2.23,2.5,1920,1080,0,0,Intel,Nvidia,36816.48
Dell,Ultrabook,13.3,Quad HD+ / Touchscreen 3200x1800,Intel Core i5 6300U 2.4GHz,8GB,8.0,256GB SSD,Intel HD Graphics 520,Linux,1.23,2.4,3200,1800,1,0,Intel,Intel,58554.72
Acer,Gaming,17.3,IPS Panel Full HD 1920x1080,Intel Core i7 7700HQ 2.8GHz,16GB,16.0,256GB SSD +  1TB HDD,Nvidia GeForce GTX 1070,Windows 10,4.2,2.8,1920,1080,0,1,Intel,Nvidia,138474.72
Lenovo,Gaming,15.6,IPS Panel Full HD 1920x1080,Intel Core i5 7300HQ 2.5GHz,8GB,8.0,1TB HDD,Nvidia GeForce GTX 1050,Windows 10,2.4,2.5,1920,1080,0,1,Intel,Nvidia,43636.32
Samsung,2 in 1 Convertible,12.3,IPS Panel Touchscreen 2400x1600,Samsung Cortex A72&A53 2.0GHz,4GB,4.0,32GB Flash Storage,ARM Mali T860 MP4,Chrome OS,1.15,2.0,2400,1600,1,1,Samsung,ARM,35111.52
HP,Notebook,15.6,1366x768,Intel Core i5 7200U 2.5GHz,4GB,4.0,500GB HDD,Intel HD Graphics 620,Windows 10,1.86,2.5,1366,768,0,0,Intel,Intel,25840.8
Apple,Ultrabook,12.0,IPS Panel Retina Display 2304x1440,Intel Core M 1.1GHz,8GB,8.0,256GB Flash Storage,Intel HD Graphics 5300,Mac OS X,0.92,1.1,2304,1440,0,1,Intel,Intel,61964.64
Dell,2 in 1 Convertible,13.3,IPS Panel Full HD / Touchscreen 1920x1080,Intel Core i5 7200U 2.5GHz,8GB,8.0,256GB SSD,Intel HD Graphics 620,Windows 10,1.6,2.5,1920,1080,1,1,Intel,Intel,63882.72
HP,Notebook,15.6,IPS Panel Full HD 1920x1080,Intel Core i7 7700HQ 2.8GHz,12GB,12.0,128GB SSD +  1TB HDD,Nvidia GeForce GTX 1050,Windows 10,2.21,2.8,1920,1080,0,1,Intel,Nvidia,70702.56
Lenovo,Notebook,15.6,1366x768,Intel Core i3 6006U 2GHz,4GB,4.0,1TB HDD,AMD Radeon R5 M430,No OS,1.9,2.0,1366,768,0,0,Intel,AMD,19607.04
Asus,Gaming,17.3,IPS Panel Full HD 1920x1080,Intel Core i7 6700HQ 2.6GHz,16GB,16.0,512GB SSD +  1TB HDD,Nvidia GeForce GTX 980M,Windows 10,4.3,2.6,1920,1080,0,1,Intel,Nvidia,114552.0
Acer,Notebook,15.6,1366x768,Intel Celeron Dual Core N3350 2GHz,4GB,4.0,1TB HDD,Intel HD Graphics 500,Linux,2.1,2.0,1366,768,0,0,Intel,Intel,14492.16
MSI,Gaming,17.3,Full HD 1920x1080,Intel Core i7 7700HQ 2.8GHz,16GB,16.0,256GB SSD +  1TB HDD,Nvidia GeForce GTX 1060,Windows 10,2.43,2.8,1920,1080,0,0,Intel,Nvidia,109165.392
Dell,Notebook,15.6,1366x768,Intel Core i3 6006U 2.0GHz,4GB,4.0,128GB SSD,AMD Radeon R7 M440,Windows 10,2.3,2.0,1366,768,0,0,Intel,AMD,26586.72
Lenovo,Notebook,15.6,1366x768,Intel Core i7 6500U 2.5GHz,8GB,8.0,500GB HDD,Nvidia GeForce 920MX,No OS,2.2,2.5,1366,768,0,0,Intel,Nvidia,33513.12
Dell,Ultrabook,13.3,Quad HD+ / Touchscreen 3200x1800,Intel Core i7 7500U 2.7GHz,16GB,16.0,512GB SSD,Intel HD Graphics 620,Windows 10,1.2,2.7,3200,1800,1,0,Intel,Intel,142790.4
Asus,Gaming,15.6,Full HD 1920x1080,Intel Core i7 6700HQ 2.6GHz,8GB,8.0,1TB HDD,Nvidia GeForce GTX 1060,Windows 10,2.2,2.6,1920,1080,0,0,Intel,Nvidia,62284.32
Dell,Notebook,15.6,Full HD 1920x1080,Intel Core i5 7200U 2.5GHz,8GB,8.0,256GB SSD,AMD Radeon R7 M445,Windows 10,2.36,2.5,1920,1080,0,0,Intel,AMD,47365.92
HP,Notebook,15.6,1366x768,Intel Core i5 7200U 2.5GHz,8GB,8.0,256GB SSD,Intel HD Graphics 620,Windows 10,1.91,2.5,1366,768,0,0,Intel,Intel,30849.12
Lenovo,Notebook,15.6,1366x768,AMD E-Series 9000 2.2GHz,4GB,4.0,500GB HDD,AMD Radeon R2 Graphics,Windows 10,2.2,2.2,1366,768,0,0,AMD,AMD,15930.72
Acer,Notebook,17.3,1600x900,Intel Core i3 6006U 2.0GHz,8GB,8.0,1TB HDD,Nvidia GeForce 940MX,Windows 10,3.3,2.0,1600,900,0,0,Intel,Nvidia,33513.12
Asus,Gaming,15.6,Full HD 1920x1080,Intel Core i7 7700HQ 2.8GHz,16GB,16.0,256GB SSD +  1TB HDD,Nvidia GeForce GTX 1070,Windows 10,2.2,2.8,1920,1080,0,0,Intel,Nvidia,130482.72
Apple,Ultrabook,12.0,IPS Panel Retina Display 2304x1440,Intel Core M 1.2GHz,8GB,8.0,512GB Flash Storage,Intel HD Graphics 515,Mac OS X,0.92,1.2,2304,1440,0,1,Intel,Intel,68145.12
Asus,Notebook,15.6,Full HD 1920x1080,Intel Core i7 7700HQ 2.8GHz,16GB,16.0,128GB SSD +  1TB HDD,Nvidia GeForce GTX 1060,Windows 10,2.2,2.8,1920,1080,0,0,Intel,Nvidia,93186.72
MSI,Gaming,17.3,IPS Panel Full HD 1920x1080,Intel Core i7 6700HQ 2.6GHz,16GB,16.0,256GB SSD +  1TB HDD,Nvidia GeForce GTX 1060,Windows 10,2.43,2.6,1920,1080,0,1,Intel,Nvidia,103842.1872
Dell,2 in 1 Convertible,15.6,IPS Panel Full HD / Touchscreen 1920x1080,Intel Core i5 7200U 2.5GHz,8GB,8.0,256GB SSD,Intel HD Graphics 620,Windows 10,2.191,2.5,1920,1080,1,1,Intel,Intel,53226.72
Asus,Gaming,17.3,Full HD 1920x1080,Intel Core i7 7700HQ 2.8GHz,16GB,16.0,256GB SSD +  1TB HDD,Nvidia GeForce GTX 1060,Windows 10,2.9,2.8,1920,1080,0,0,Intel,Nvidia,103842.72
Acer,Netbook,11.6,1366x768,Intel Celeron Dual Core 3205U 1.5GHz,2GB,2.0,32GB SSD,Intel HD Graphics,Chrome OS,1.3,1.5,1366,768,0,0,Intel,Intel,9270.72
Acer,Notebook,17.3,1600x900,Intel Core i3 6006U 2GHz,4GB,4.0,1TB HDD,Nvidia GeForce 940MX,Windows 10,3.3,2.0,1600,900,0,0,Intel,Nvidia,31861.44
Lenovo,Notebook,17.3,1600x900,Intel Core i5 7200U 2.5GHz,8GB,8.0,1TB HDD,Intel HD Graphics 620,No OS,2.8,2.5,1600,900,0,0,Intel,Intel,28717.92
Lenovo,Gaming,15.6,IPS Panel Full HD 1920x1080,Intel Core i7 6700HQ 2.6GHz,8GB,8.0,128GB SSD +  1TB HDD,Nvidia GeForce GTX 960<U+039C>,Windows 10,2.6,2.6,1920,1080,0,1,Intel,Nvidia,67772.16
Acer,2 in 1 Convertible,14.0,IPS Panel Full HD / Touchscreen 1920x1080,Intel Core i7 7Y75 1.3GHz,8GB,8.0,256GB SSD,Intel HD Graphics 615,Windows 10,1.2,1.3,1920,1080,1,1,Intel,Intel,61218.72
Lenovo,Notebook,15.6,IPS Panel Full HD 1920x1080,Intel Core i7 6600U 2.6GHz,8GB,8.0,256GB SSD,Intel HD Graphics 520,Windows 10,2.3,2.6,1920,1080,0,1,Intel,Intel,81465.12
MSI,Gaming,15.6,Full HD 1920x1080,Intel Core i7 6700HQ 2.6GHz,8GB,8.0,128GB SSD +  1TB HDD,Nvidia GeForce GTX 1060,Windows 10,2.2,2.6,1920,1080,0,0,Intel,Nvidia,78647.1408
HP,Notebook,15.6,Full HD 1920x1080,AMD A12-Series 9720P 2.7GHz,6GB,6.0,1TB HDD,AMD Radeon 530,Windows 10,2.1,2.7,1920,1080,0,0,AMD,AMD,28185.12
Dell,Ultrabook,12.5,Full HD / Touchscreen 1920x1080,Intel Core i5 6300U 2.4GHz,8GB,8.0,256GB SSD,Intel HD Graphics 520,Windows 7,1.26,2.4,1920,1080,1,0,Intel,Intel,91288.3536
Dell,2 in 1 Convertible,15.0,Full HD / Touchscreen 1920x1080,Intel Core i3 7100U 2.4GHz,4GB,4.0,500GB HDD,Intel HD Graphics 620,Windows 10,2.08,2.4,1920,1080,1,0,Intel,Intel,27119.52
Asus,Notebook,15.6,1366x768,Intel Pentium Quad Core N3710 1.6GHz,4GB,4.0,1TB HDD,Intel HD Graphics 405,Windows 10,2.65,1.6,1366,768,0,0,Intel,Intel,16463.52
Dell,Ultrabook,13.3,Quad HD+ / Touchscreen 3200x1800,Intel Core i7 7500U 2.7GHz,8GB,8.0,256GB SSD,Intel HD Graphics 620,Windows 10,1.29,2.7,3200,1800,1,0,Intel,Intel,78694.56
Dell,Notebook,15.6,1366x768,Intel Core i5 7200U 2.5GHz,4GB,4.0,1TB HDD,Intel HD Graphics 520,Linux,2.18,2.5,1366,768,0,0,Intel,Intel,27804.7008
Lenovo,Gaming,15.6,IPS Panel Full HD / Touchscreen 1920x1080,Intel Core i7 6700HQ 2.6GHz,16GB,16.0,128GB SSD +  1TB HDD,Nvidia GeForce GTX 960M,Windows 10,2.6,2.6,1920,1080,1,1,Intel,Nvidia,54825.12
MSI,Gaming,15.6,Full HD 1920x1080,Intel Core i7 7700HQ 2.8GHz,8GB,8.0,128GB SSD +  1TB HDD,Nvidia GeForce GTX 1050,Windows 10,2.2,2.8,1920,1080,0,0,Intel,Nvidia,61218.72
Lenovo,Netbook,12.5,IPS Panel Full HD / Touchscreen 1920x1080,Intel Core i7 6500U 2.50GHz,16GB,16.0,512GB SSD,Intel HD Graphics 520,Windows 10,1.3,2.5,1920,1080,1,1,Intel,Intel,87912.0
Razer,Gaming,14.0,Full HD 1920x1080,Intel Core i7 7700HQ 2.8GHz,16GB,16.0,1TB SSD,Nvidia GeForce GTX 1060,Windows 10,1.95,2.8,1920,1080,0,0,Intel,Nvidia,186426.72
Dell,Notebook,15.6,Touchscreen 1366x768,Intel Core i3 7100U 2.4GHz,8GB,8.0,1TB HDD,Intel HD Graphics 620,Windows 10,2.3,2.4,1366,768,1,0,Intel,Intel,24988.8528
MSI,Gaming,17.3,Full HD 1920x1080,Intel Core i7 7700HQ 2.8GHz,16GB,16.0,256GB SSD +  1TB HDD,Nvidia GeForce GTX 1060,Windows 10,2.7,2.8,1920,1080,0,0,Intel,Nvidia,85141.44
Apple,Ultrabook,11.6,1366x768,Intel Core i5 1.6GHz,4GB,4.0,256GB Flash Storage,Intel HD Graphics 6000,Mac OS X,1.08,1.6,1366,768,0,0,Intel,Intel,51095.52
HP,Notebook,15.6,Full HD 1920x1080,Intel Core i3 6006U 2GHz,4GB,4.0,1TB HDD,Intel HD Graphics 520,Windows 10,2.1,2.0,1920,1080,0,0,Intel,Intel,25467.84
HP,Ultrabook,14.0,2560x1440,Intel Core i7 6500U 2.5GHz,8GB,8.0,256GB SSD,Intel HD Graphics 520,Windows 7,1.54,2.5,2560,1440,0,0,Intel,Intel,117119.5632
Dell,Notebook,15.6,1366x768,Intel Core i5 6200U 2.3GHz,4GB,4.0,500GB HDD,Intel HD Graphics 520,Windows 7,2.24,2.3,1366,768,0,0,Intel,Intel,39267.36
MSI,Gaming,15.6,Full HD 1920x1080,Intel Core i7 6700HQ 2.6GHz,8GB,8.0,128GB SSD +  1TB HDD,Nvidia GeForce GTX 960M,Windows 10,2.3,2.6,1920,1080,0,0,Intel,Nvidia,62284.32
Lenovo,Notebook,13.3,IPS Panel Full HD 1920x1080,Intel Core i7 7500U 2.7GHz,16GB,16.0,512GB SSD,Intel HD Graphics 620,Windows 10,1.4,2.7,1920,1080,0,1,Intel,Intel,79866.72
Lenovo,Notebook,15.6,Full HD 1920x1080,AMD A12-Series 9720P 3.6GHz,6GB,6.0,256GB SSD,AMD Radeon 530,Windows 10,2.2,3.6,1920,1080,0,0,AMD,AMD,31838.5296
Asus,Ultrabook,13.3,Full HD 1920x1080,Intel Core i7 6500U 2.5GHz,8GB,8.0,256GB SSD,Intel HD Graphics 520,Windows 10,1.45,2.5,1920,1080,0,0,Intel,Intel,68198.4
Acer,Notebook,15.6,1366x768,Intel Core i3 6006U 2.0GHz,4GB,4.0,500GB HDD,Intel HD Graphics 520,Linux,2.4,2.0,1366,768,0,0,Intel,Intel,19276.704
Dell,2 in 1 Convertible,17.3,Full HD / Touchscreen 1920x1080,Intel Core i7 7500U 2.7GHz,16GB,16.0,512GB SSD,Nvidia GeForce 940MX,Windows 10,2.77,2.7,1920,1080,1,0,Intel,Nvidia,95850.72
HP,Notebook,14.0,Full HD 1920x1080,Intel Core i5 6200U 2.3GHz,4GB,4.0,256GB SSD,Intel HD Graphics 520,Windows 7,1.54,2.3,1920,1080,0,0,Intel,Intel,58607.4672
Dell,Notebook,14.0,1366x768,Intel Core i5 7200U 2.5GHz,4GB,4.0,500GB HDD,Intel HD Graphics 620,Windows 10,1.6,2.5,1366,768,0,0,Intel,Intel,46620.0
Asus,Gaming,15.6,IPS Panel Full HD 1920x1080,Intel Core i7 6700HQ 2.6GHz,16GB,16.0,256GB SSD +  1TB HDD,Nvidia GeForce GTX 1070,Windows 10,2.34,2.6,1920,1080,0,1,Intel,Nvidia,123876.0
Lenovo,Notebook,15.6,IPS Panel Full HD 1920x1080,Intel Core i5 7200U 2.5GHz,8GB,8.0,256GB SSD,Intel HD Graphics 620,No OS,2.3,2.5,1920,1080,0,1,Intel,Intel,30529.44
Dell,2 in 1 Convertible,13.3,Quad HD+ / Touchscreen 3200x1800,Intel Core i5 7Y54 1.2GHz,8GB,8.0,256GB SSD,Intel HD Graphics 615,Windows 10,1.24,1.2,3200,1800,1,0,Intel,Intel,96596.64
Dell,Notebook,15.6,1366x768,Intel Pentium Quad Core N3710 1.6GHz,4GB,4.0,500GB HDD,Intel HD Graphics,Linux,2.2,1.6,1366,768,0,0,Intel,Intel,17262.72
HP,Notebook,15.6,1366x768,AMD A6-Series 9220 2.5GHz,4GB,4.0,500GB HDD,AMD Radeon R4 Graphics,Windows 10,1.86,2.5,1366,768,0,0,AMD,AMD,21258.72
Lenovo,Notebook,15.6,Full HD 1920x1080,Intel Core i3 6100U 2.3GHz,6GB,6.0,128GB SSD,Nvidia GeForce 920MX,Windows 10,2.4,2.3,1920,1080,0,0,Intel,Nvidia,30316.32
Lenovo,Notebook,14.0,IPS Panel Full HD 1920x1080,Intel Core i5 6200U 2.3GHz,8GB,8.0,256GB SSD,Intel HD Graphics 520,Windows 10,1.9,2.3,1920,1080,0,1,Intel,Intel,57116.16
Dell,Notebook,15.6,1366x768,Intel Pentium Quad Core N3700 1.6GHz,4GB,4.0,500GB HDD,Intel HD Graphics,Windows 10,2.2,1.6,1366,768,0,0,Intel,Intel,23655.7872
Asus,Notebook,15.6,1366x768,Intel Celeron Dual Core N3350 1.1GHz,4GB,4.0,1TB HDD,Intel HD Graphics 500,Windows 10,2.0,1.1,1366,768,0,0,Intel,Intel,18061.92
Asus,Gaming,17.3,IPS Panel Full HD 1920x1080,Intel Core i7 6700HQ 2.6GHz,16GB,16.0,128GB SSD +  1TB HDD,Nvidia GeForce GTX 970M,Windows 10,4.0,2.6,1920,1080,0,1,Intel,Nvidia,101232.0
Dell,Notebook,15.6,1366x768,Intel Core i3 6006U 2GHz,4GB,4.0,500GB HDD,Intel HD Graphics 520,Windows 10,2.29,2.0,1366,768,0,0,Intel,Intel,26107.2
Lenovo,Notebook,15.6,Full HD 1920x1080,Intel Core i7 6500U 2.5GHz,8GB,8.0,1.0TB Hybrid,AMD Radeon R5 M330,Windows 7,2.32,2.5,1920,1080,0,0,Intel,AMD,47685.6
MSI,Gaming,15.6,Full HD 1920x1080,Intel Core i7 6700HQ 2.6GHz,8GB,8.0,128GB SSD +  1TB HDD,Nvidia GeForce GTX 960M,Windows 10,2.4,2.6,1920,1080,0,0,Intel,Nvidia,65481.12
Lenovo,2 in 1 Convertible,14.0,Full HD / Touchscreen 1920x1080,Intel Core i5 6200U 2.3GHz,4GB,4.0,128GB SSD,Intel HD Graphics 520,Windows 10,1.8,2.3,1920,1080,1,0,Intel,Intel,44382.7728
Asus,Ultrabook,13.3,IPS Panel Full HD 1920x1080,Intel Core M 6Y30 0.9GHz,8GB,8.0,512GB SSD,Intel HD Graphics 515,Windows 10,1.2,0.9,1920,1080,0,1,Intel,Intel,38841.12
Dell,Notebook,15.6,1366x768,Intel Core i3 7100U 2.4GHz,6GB,6.0,1TB HDD,Intel HD Graphics 620,Windows 10,2.3,2.4,1366,768,0,0,Intel,Intel,24455.52
Acer,Notebook,15.6,1366x768,Intel Celeron Dual Core N3060 1.6GHz,4GB,4.0,500GB HDD,Intel HD Graphics 400,Linux,2.4,1.6,1366,768,0,0,Intel,Intel,15397.92
Dell,Notebook,15.6,1366x768,Intel Celeron Dual Core N3050 1.6GHz,2GB,2.0,500GB HDD,Intel HD Graphics,Windows 10,2.2,1.6,1366,768,0,0,Intel,Intel,20193.12
Lenovo,Notebook,15.6,IPS Panel Full HD 1920x1080,Intel Core i7 6700HQ 2.6GHz,8GB,8.0,1TB HDD,Nvidia GeForce GTX 960M,Windows 10,2.6,2.6,1920,1080,0,1,Intel,Nvidia,47898.72
HP,Notebook,15.6,Full HD 1920x1080,AMD A9-Series 9410 2.9GHz,6GB,6.0,1.0TB Hybrid,AMD Radeon R7 M440,Windows 10,2.04,2.9,1920,1080,0,0,AMD,AMD,29303.4672
Dell,Notebook,15.6,1366x768,Intel Core i7 7500U 2.7GHz,8GB,8.0,1TB HDD,AMD Radeon R5 M430,Linux,2.3,2.7,1366,768,0,0,Intel,AMD,42943.1472
HP,Netbook,11.6,1366x768,Intel Celeron Dual Core N3060 1.6GHz,2GB,2.0,32GB Flash Storage,Intel HD Graphics 400,Windows 10,1.17,1.6,1366,768,0,0,Intel,Intel,11135.52
Asus,Notebook,15.6,1366x768,Intel Core i7 6500U 2.5GHz,4GB,4.0,500GB HDD,Nvidia GeForce 920M,Windows 10,2.2,2.5,1366,768,0,0,Intel,Nvidia,38378.6496
Lenovo,2 in 1 Convertible,14.0,IPS Panel Full HD / Touchscreen 1920x1080,Intel Core i7 6500U 2.5GHz,4GB,4.0,128GB SSD,Intel HD Graphics 520,Windows 10,1.8,2.5,1920,1080,1,1,Intel,Intel,33992.64
Lenovo,2 in 1 Convertible,13.3,IPS Panel Quad HD+ / Touchscreen 3200x1800,Intel Core i7 6500U 2.5GHz,16GB,16.0,512GB SSD,Intel HD Graphics 520,Windows 10,1.3,2.5,3200,1800,1,1,Intel,Intel,79866.72
Lenovo,Notebook,14.0,1366x768,Intel Celeron Dual Core N3050 1.6GHz,2GB,2.0,64GB Flash Storage,Intel HD Graphics,Windows 10,1.5,1.6,1366,768,0,0,Intel,Intel,12201.12
HP,Notebook,15.6,1366x768,Intel Core i7 6500U 2.5GHz,6GB,6.0,1TB HDD,AMD Radeon R5 M330,Windows 10,2.19,2.5,1366,768,0,0,Intel,AMD,40705.92
